Lake,Date,DOY,Year,Depth,IrradianceWater_uEinst_m2_s,IrradianceDeck_uEinst_m2_s,water_over_deck,Percent_surface_irradiance,,,
Peter,5/19/2025,139,2025,0,1643,1398,1.17,1,,,
Peter,5/19/2025,139,2025,0.25,1347,1420,0.949,0.811111111,,,
Peter,5/19/2025,139,2025,0.5,1091,1439,0.758,0.647863248,,,
Peter,5/19/2025,139,2025,0.75,846,1429,0.592,0.505982906,,,
Peter,5/19/2025,139,2025,1,762,1517,0.502,0.429059829,,,
Peter,5/19/2025,139,2025,1.5,519,1571,0.33,0.282051282,,,
Peter,5/19/2025,139,2025,2,345,1572,0.219,0.187179487,,,
Peter,5/19/2025,139,2025,2.5,223,1619,0.1337,0.114273504,,,
Peter,5/19/2025,139,2025,3,129,1626,0.079,0.067521368,,,
Peter,5/19/2025,139,2025,3.5,71,1612,0.044,0.037606838,,,
Peter,5/19/2025,139,2025,4,33,1629,0.02,0.017094017,,,
Peter,5/19/2025,139,2025,4.5,12,1573,0.007,0.005982906,,,
Paul,5/21/2025,141,2025,0,434,387,1.123,1,,,
Paul,5/21/2025,141,2025,0.25,327,360,0.91,0.810329475,,,
Paul,5/21/2025,141,2025,0.5,245,340,0.72,0.641139804,,,
Paul,5/21/2025,141,2025,0.75,181,333,0.54,0.480854853,,,
Paul,5/21/2025,141,2025,1,145,324,0.45,0.400712378,,,
Paul,5/21/2025,141,2025,1.5,106,346,0.31,0.276046305,,,
Paul,5/21/2025,141,2025,2,87,357,0.24,0.213713268,,,
Paul,5/21/2025,141,2025,2.5,68,352,0.19,0.169189671,,,
Paul,5/21/2025,141,2025,3,53,352,0.15,0.133570793,,,
Paul,5/21/2025,141,2025,3.5,41,351,0.12,0.106856634,,,
Paul,5/21/2025,141,2025,4,30,337,0.09,0.080142476,,,
Paul,5/21/2025,141,2025,4.5,21,339,0.06,0.053428317,,,
Paul,5/21/2025,141,2025,5,15,340,0.04,0.035618878,,,
Paul,5/21/2025,141,2025,5.5,10,331,0.03,0.026714159,,,
Paul,5/21/2025,141,2025,6,4,330,0.012,0.010685663,,,
Paul,5/21/2025,141,2025,6.5,1.5,327,0.0046,0.004096171,,,
Tuesday,5/22/2025,142,2025,0,513.7,492,1.0441,1,,,
Tuesday,5/22/2025,142,2025,0.25,361.3,468.5,0.7712,0.738626568,,,
Tuesday,5/22/2025,142,2025,0.5,244.7,478,0.5119,0.490278709,,,
Tuesday,5/22/2025,142,2025,0.75,205.5,1639,0.1254,0.120103438,,,
Tuesday,5/22/2025,142,2025,1,131.6,1567,0.08398,0.080432909,,,
Tuesday,5/22/2025,142,2025,1.5,68.1,531.4,0.12815,0.122737286,,,
Tuesday,5/22/2025,142,2025,2,41.5,548.5,0.07567,0.072473901,,,
Tuesday,5/22/2025,142,2025,2.5,28.85,599.8,0.0481,0.046068384,,,
Tuesday,5/22/2025,142,2025,3,17.31,629.7,0.02749,0.026328896,,,
Tuesday,5/22/2025,142,2025,3.5,10.38,613.6,0.01692,0.016205344,,,
Tuesday,5/22/2025,142,2025,4,4.607,642.8,0.00717,0.006867158,,,
Peter,5/26/2025,146,2025,0,1628,1356,1.200589971,1,,,
Peter,5/26/2025,146,2025,0.25,1270,1280,0.9921875,0.826416615,,,
Peter,5/26/2025,146,2025,0.5,695,1300,0.534615385,0.445293895,,,
Peter,5/26/2025,146,2025,0.75,464,1334,0.347826087,0.289712638,,,
Peter,5/26/2025,146,2025,1,364.4,1238,0.294345719,0.245167564,,,
Peter,5/26/2025,146,2025,1.5,311,1258,0.247217806,0.205913603,,,
Peter,5/26/2025,146,2025,2,192,1238,0.155088853,0.129177202,,,
Peter,5/26/2025,146,2025,2.5,121,1269,0.09535067,0.079419845,,,
Peter,5/26/2025,146,2025,3,81.77,1256,0.065103503,0.054226259,,,
Peter,5/26/2025,146,2025,3.5,50.76,1246,0.040738363,0.033931953,,,
Peter,5/26/2025,146,2025,4,21.9,1259,0.017394758,0.014488508,,,
Paul,5/27/2025,147,2025,0,622.1,653.6,0.951805386,1,,,
Paul,5/27/2025,147,2025,0.25,569,671.5,0.847356664,0.890262523,,,
Paul,5/27/2025,147,2025,0.5,421.2,656.3,0.641779674,0.674276153,,,
Paul,5/27/2025,147,2025,0.75,376.2,660.8,0.569309927,0.598136905,,,
Paul,5/27/2025,147,2025,1,302.3,672.4,0.449583581,0.472348222,,,
Paul,5/27/2025,147,2025,1.5,228.5,668.1,0.342014668,0.359332563,,,
Paul,5/27/2025,147,2025,2,175.4,669.9,0.261830124,0.275087878,,,
Paul,5/27/2025,147,2025,2.5,133.3,656.6,0.203015535,0.213295215,,,
Paul,5/27/2025,147,2025,3,99.22,659.1,0.150538613,0.158161128,,,
Paul,5/27/2025,147,2025,3.5,79.6,655.3,0.121471082,0.127621764,,,
Paul,5/27/2025,147,2025,4,61.14,669.2,0.091362821,0.095988973,,,
Paul,5/27/2025,147,2025,4.5,44.98,666.7,0.067466627,0.070882796,,,
Paul,5/27/2025,147,2025,5,28.82,663.8,0.043416692,0.045615094,,,
Paul,5/27/2025,147,2025,5.5,14.97,655,0.022854962,0.024012222,,,
Paul,5/27/2025,147,2025,6,3.428,653.2,0.00524801,0.005513742,,,
Tuesday,5/28/2025,148,2025,0,1668,1398,1.193133047,1,,,
Tuesday,5/28/2025,148,2025,0.25,1083,1256,0.862261146,0.7226865,,,
Tuesday,5/28/2025,148,2025,0.5,612.1,1119,0.547006256,0.458462078,,,
Tuesday,5/28/2025,148,2025,0.75,514.9,1147,0.448910201,0.37624488,,,
Tuesday,5/28/2025,148,2025,1,414.1,1273,0.32529458,0.272638982,,,
Tuesday,5/28/2025,148,2025,1.5,256.1,1232,0.207873377,0.174224808,,,
Tuesday,5/28/2025,148,2025,2,144.2,1296,0.111265432,0.093254841,,,
Tuesday,5/28/2025,148,2025,2.5,77.28,1293,0.059767981,0.050093308,,,
Tuesday,5/28/2025,148,2025,3,44.96,1286,0.03496112,0.029301946,,,
Tuesday,5/28/2025,148,2025,3.5,29.96,1286,0.023297045,0.019525941,,,
Tuesday,5/28/2025,148,2025,4,14.96,1249,0.011977582,0.010038765,,,
Tuesday,5/28/2025,148,2025,4.5,6.882,1249,0.005510008,0.0046181,,,
Peter,6/2/2025,153,2025,0,679.7,658.6,1.032037656,1,,,
Peter,6/2/2025,153,2025,0.25,577,684.2,0.843320666,0.817141373,,,
Peter,6/2/2025,153,2025,0.5,423.7,700.2,0.605112825,0.586328243,,,
Peter,6/2/2025,153,2025,0.75,363.7,685.7,0.530406883,0.513941406,,,
Peter,6/2/2025,153,2025,1,258.5,669.6,0.386051374,0.37406714,,,
Peter,6/2/2025,153,2025,1.5,159.3,682.8,0.233304042,0.22606156,,,
Peter,6/2/2025,153,2025,2,100.4,684.1,0.146762169,0.142206216,,,
Peter,6/2/2025,153,2025,2.5,69.23,709.2,0.097617033,0.094586697,,,
Peter,6/2/2025,153,2025,3,40.68,694.2,0.058599827,0.056780706,,,
Peter,6/2/2025,153,2025,3.5,31.14,719.8,0.043262017,0.04191903,,,
Peter,6/2/2025,153,2025,4,17.29,739.5,0.023380663,0.022654854,,,
Peter,6/2/2025,153,2025,4.5,4.59,758,0.006055409,0.00586743,,,
Peter,6/2/2025,153,2025,5,1.12,775.7,0.001443857,0.001399035,,,
Paul,6/3/2025,154,2025,0,66.9,73.09,0.915309892,1,,,
Paul,6/3/2025,154,2025,0.25,45,53.03,0.848576278,0.927091781,,,
Paul,6/3/2025,154,2025,0.5,30,47.55,0.630914826,0.689290952,,,
Paul,6/3/2025,154,2025,0.75,21.91,45.02,0.48667259,0.531702535,,,
Paul,6/3/2025,154,2025,1,16.15,46.75,0.345454545,0.377418127,,,
Paul,6/3/2025,154,2025,1.5,17.31,66.12,0.261796733,0.286019779,,,
Paul,6/3/2025,154,2025,2,11.53,62.7,0.183891547,0.200906325,,,
Paul,6/3/2025,154,2025,2.5,9.22,53.34,0.172853393,0.188846854,,,
Paul,6/3/2025,154,2025,3,8.066,55.64,0.144967649,0.158380949,,,
Paul,6/3/2025,154,2025,3.5,3.449,58.05,0.059414298,0.064911675,,,
Paul,6/3/2025,154,2025,4,2.295,65.3,0.035145482,0.038397359,,,
Paul,6/3/2025,154,2025,4.5,1.141,75.9,0.015032938,0.016423878,,,
Paul,6/3/2025,154,2025,5,1.141,83.16,0.013720539,0.014990047,,,
Paul,6/3/2025,154,2025,5.5,1.154,98.62,0.01170148,0.012784173,,,
Paul,6/3/2025,154,2025,5.75,1.154,114.7,0.010061029,0.010991937,,,
Tuesday,6/4/2025,155,2025,0,1261,1180,1.068644068,1,,,
Tuesday,6/4/2025,155,2025,0.25,1050,1107,0.948509485,0.88758223,,,
Tuesday,6/4/2025,155,2025,0.5,660,1137,0.580474934,0.543188281,,,
Tuesday,6/4/2025,155,2025,0.75,526.1,1077,0.488486537,0.457108734,,,
Tuesday,6/4/2025,155,2025,1,387.6,1068,0.362921348,0.339609192,,,
Tuesday,6/4/2025,155,2025,1.5,213.3,1125,0.1896,0.177421094,,,
Tuesday,6/4/2025,155,2025,2,124.5,1072,0.11613806,0.108677962,,,
Tuesday,6/4/2025,155,2025,2.5,65.6,1083,0.060572484,0.056681626,,,
Tuesday,6/4/2025,155,2025,3,39.06,1075,0.036334884,0.034000922,,,
Tuesday,6/4/2025,155,2025,3.5,22.91,1071,0.021391223,0.020017164,,,
Tuesday,6/4/2025,155,2025,4,11.37,1074,0.010586592,0.009906565,,,
Peter,6/9/2025,160,2025,0,245.8,237.5,1.034947368,1,,,
Peter,6/9/2025,160,2025,0.25,211.1,274,0.770437956,0.744422354,,,
Peter,6/9/2025,160,2025,0.5,150,292,0.51369863,0.496352419,,,
Peter,6/9/2025,160,2025,0.75,116.5,300.9,0.387171818,0.374098075,,,
Peter,6/9/2025,160,2025,1,107.3,305.3,0.351457583,0.339589812,,,
Peter,6/9/2025,160,2025,1.5,63.46,320,0.1983125,0.191616024,,,
Peter,6/9/2025,160,2025,2,41.52,341.3,0.121652505,0.11754463,,,
Peter,6/9/2025,160,2025,2.5,25.36,340,0.074588235,0.072069593,,,
Peter,6/9/2025,160,2025,3,19.6,361.1,0.054278593,0.052445752,,,
Peter,6/9/2025,160,2025,3.5,12.67,378.6,0.033465399,0.032335363,,,
Peter,6/9/2025,160,2025,4,4.589,394.9,0.011620663,0.011228265,,,
Peter,6/9/2025,160,2025,4.5,1.126,401,0.00280798,0.002713162,,,
Paul,6/10/2025,161,2025,0,167.4,127,1.318110236,1,,,
Paul,6/10/2025,161,2025,0.25,138.5,129.2,1.071981424,0.813271451,,,
Paul,6/10/2025,161,2025,0.5,118.9,150.8,0.788461538,0.598175719,,,
Paul,6/10/2025,161,2025,0.75,114.3,18.2,6.28021978,4.764563394,,,
Paul,6/10/2025,161,2025,1,77.32,186.6,0.414362272,0.314360864,,,
Paul,6/10/2025,161,2025,1.5,62.32,227,0.274537445,0.208281096,,,
Paul,6/10/2025,161,2025,2,55.39,239,0.231757322,0.175825448,,,
Paul,6/10/2025,161,2025,2.5,40.54,216.1,0.187598334,0.142323706,,,
Paul,6/10/2025,161,2025,3,33.46,205.4,0.162901655,0.123587277,,,
Paul,6/10/2025,161,2025,3.5,28.85,216.6,0.133194829,0.101049841,,,
Paul,6/10/2025,161,2025,4,24.23,208.6,0.116155321,0.088122615,,,
Paul,6/10/2025,161,2025,4.5,17.15,249.6,0.068709936,0.05212761,,,
Paul,6/10/2025,161,2025,5,12.69,258.1,0.04916699,0.037301121,,,
Paul,6/10/2025,161,2025,5.5,9.224,253.5,0.036386588,0.027605117,,,
Paul,6/10/2025,161,2025,6,3.49,244,0.014303279,0.010851352,,,
Paul,6/10/2025,161,2025,6.25,1.145,218.9,0.005230699,0.003968332,,,
Tuesday,6/11/2025,162,2025,0,1288,1165,1.105579399,1,,,
Tuesday,6/11/2025,162,2025,0.25,1044,1167,0.894601542,0.809169873,,,
Tuesday,6/11/2025,162,2025,0.5,615.1,1176,0.523044218,0.473095119,,,
Tuesday,6/11/2025,162,2025,0.75,485.6,1099,0.441856233,0.399660335,,,
Tuesday,6/11/2025,162,2025,1,308.6,1118,0.276028623,0.249668746,,,
Tuesday,6/11/2025,162,2025,1.5,173,1087,0.159153634,0.143954956,,,
Tuesday,6/11/2025,162,2025,2,92.22,1096,0.084142336,0.076107004,,,
Tuesday,6/11/2025,162,2025,2.5,49.52,1100,0.045018182,0.040719085,,,
Tuesday,6/11/2025,162,2025,3,27.6,1116,0.024731183,0.022369432,,,
Tuesday,6/11/2025,162,2025,3.5,16.06,1128,0.014237589,0.012877943,,,
Tuesday,6/11/2025,162,2025,4,6.826,1131,0.006035367,0.005459008,,,
Peter,6/16/2025,167,2025,0,187,188.6,0.991516437,1,,,
Peter,6/16/2025,167,2025,0.25,102.7,160.9,0.638284649,0.643745908,,,
Peter,6/16/2025,167,2025,0.5,73.9,161.1,0.458721291,0.462646179,,,
Peter,6/16/2025,167,2025,0.75,60,162.5,0.369230769,0.372389963,,,
Peter,6/16/2025,167,2025,1,63.45,176.5,0.359490085,0.362565936,,,
Peter,6/16/2025,167,2025,1.5,41.54,195.4,0.21258956,0.214408508,,,
Peter,6/16/2025,167,2025,2,25.4,215.9,0.117647059,0.118653665,,,
Peter,6/16/2025,167,2025,2.5,19.6,274.3,0.071454612,0.072065988,,,
Peter,6/16/2025,167,2025,3,13.84,293.2,0.047203274,0.047607152,,,
Peter,6/16/2025,167,2025,3.5,9.22,323.4,0.028509586,0.028753518,,,
Peter,6/16/2025,167,2025,4,2.29,315.5,0.00725832,0.007320423,,,
Paul,6/17/2025,168,2025,0,1507,1231,1.224207961,1,,,
Paul,6/17/2025,168,2025,0.25,1423,1212,1.174092409,0.959062877,,,
Paul,6/17/2025,168,2025,0.5,1149,1319,0.871114481,0.711573939,,,
Paul,6/17/2025,168,2025,0.75,975,1358,0.717967599,0.586475192,,,
Paul,6/17/2025,168,2025,1,739.3,1108,0.667238267,0.5450367,,,
Paul,6/17/2025,168,2025,1.5,543.5,1052,0.516634981,0.422015701,,,
Paul,6/17/2025,168,2025,2,372.7,1104,0.33759058,0.275762444,,,
Paul,6/17/2025,168,2025,2.5,287.3,1324,0.216993958,0.177252529,,,
Paul,6/17/2025,168,2025,3,221.5,1238,0.178917609,0.146149686,,,
Paul,6/17/2025,168,2025,3.5,163.8,1261,0.129896907,0.106106896,,,
Paul,6/17/2025,168,2025,4,130.4,1244,0.104823151,0.085625281,,,
Paul,6/17/2025,168,2025,4.5,91.86,1214,0.075667216,0.061809119,,,
Paul,6/17/2025,168,2025,5,55.3,1217,0.045439606,0.037117554,,,
Paul,6/17/2025,168,2025,5.5,36.7,1160,0.031637931,0.025843592,,,
Paul,6/17/2025,168,2025,6,16.08,1193,0.013478625,0.011010078,,,
Paul,6/17/2025,168,2025,6.5,4.54,1304,0.003481595,0.002843957,,,
Tuesday,6/18/2025,169,2025,0,1094,984.6,1.111111111,1,,,
Tuesday,6/18/2025,169,2025,0.25,684.3,984.2,0.695285511,0.62575696,,,
Tuesday,6/18/2025,169,2025,0.5,487,977.4,0.498260692,0.448434622,,,
Tuesday,6/18/2025,169,2025,0.75,358.9,977,0.367349028,0.330614125,,,
Tuesday,6/18/2025,169,2025,1,246.9,981.3,0.251605014,0.226444512,,,
Tuesday,6/18/2025,169,2025,1.5,133.8,969.3,0.138037759,0.124233983,,,
Tuesday,6/18/2025,169,2025,2,73.82,987.5,0.07475443,0.067278987,,,
Tuesday,6/18/2025,169,2025,2.5,36.89,990.1,0.037258863,0.033532976,,,
Tuesday,6/18/2025,169,2025,3,21.88,994.7,0.021996582,0.019796924,,,
Tuesday,6/18/2025,169,2025,3.5,10.34,959.2,0.010779817,0.009701835,,,
Peter,6/23/2025,174,2025,0,1568,1399,1.121,1,,,
Peter,6/23/2025,174,2025,0.25,500.1,603.4,0.829,0.739518287,,,
Peter,6/23/2025,174,2025,0.5,265.4,428.2,0.611,0.545049063,,,
Peter,6/23/2025,174,2025,0.75,196.6,434.7,0.452,0.403211418,,,
Peter,6/23/2025,174,2025,1,204.2,825.3,0.247,0.220338983,,,
Peter,6/23/2025,174,2025,1.5,77.27,421.4,0.183,0.163247101,,,
Peter,6/23/2025,174,2025,2,146.4,1304,0.112,0.099910794,,,
Peter,6/23/2025,174,2025,2.5,49.58,641.1,0.076,0.06779661,,,
Peter,6/23/2025,174,2025,3,54.04,1287,0.042,0.037466548,,,
Peter,6/23/2025,174,2025,3.5,35.72,1325,0.027,0.024085638,,,
Peter,6/23/2025,174,2025,4,12.65,471.2,0.013,0.011596789,,,
Peter,6/23/2025,174,2025,4.5,12.65,1265,0.01,0.008920607,,,
Peter,6/23/2025,174,2025,5,5.72,1241,0.005,0.004460303,,,
Paul,6/24/2025,175,2025,0,1494,1154,1.294,1,,,
Paul,6/24/2025,175,2025,0.25,1261,1182,1.0668,0.824420402,,,
Paul,6/24/2025,175,2025,0.5,956.6,1165,0.8211,0.634544049,,,
Paul,6/24/2025,175,2025,0.75,798.6,1202,0.6643,0.513369397,,,
Paul,6/24/2025,175,2025,1,658.9,1137,0.5795,0.447836167,,,
Paul,6/24/2025,175,2025,1.5,440.8,1161,0.3796,0.293353941,,,
Paul,6/24/2025,175,2025,2,351.9,1169,0.301,0.232612056,,,
Paul,6/24/2025,175,2025,2.5,248,1172,0.2116,1.294,,,
Paul,6/24/2025,175,2025,3,181.1,1174,0.1542,0.119165379,,,
Paul,6/24/2025,175,2025,3.5,129.2,1182,0.1093,0.08446677,,,
Paul,6/24/2025,175,2025,4,92.22,1182,0.078,0.060278207,,,
Paul,6/24/2025,175,2025,4.5,64.52,1186,0.0544,0.042040185,,,
Paul,6/24/2025,175,2025,5,42.59,1199,0.0355,0.027434312,,,
Paul,6/24/2025,175,2025,5.5,26.43,1190,0.0222,0.017156105,,,
Paul,6/24/2025,175,2025,6,10.28,1187,0.0086,0.006646059,,,
Tuesday,6/25/2025,176,2025,0,385.5,432,0.8923,1,,,
Tuesday,6/25/2025,176,2025,0.25,301.2,462.5,0.6512,0.729799395,,,
Tuesday,6/25/2025,176,2025,0.5,190.4,486.8,0.3911,0.438305503,,,
Tuesday,6/25/2025,176,2025,0.75,144.2,486,0.2967,0.332511487,,,
Tuesday,6/25/2025,176,2025,1,135,519.2,0.26,0.291381822,,,
Tuesday,6/25/2025,176,2025,1.5,74.99,574.3,0.1305,0.146251261,,,
Tuesday,6/25/2025,176,2025,2,47.3,615.2,0.0768,0.086069707,,,
Tuesday,6/25/2025,176,2025,2.5,28.83,749,0.0384,0.043034854,,,
Tuesday,6/25/2025,176,2025,3,21.9,907.4,0.0241,0.027008854,,,
Tuesday,6/25/2025,176,2025,3.5,12.67,904.1,0.014,0.01568979,,,
Tuesday,6/25/2025,176,2025,4,5.744,736.6,0.0077,0.008629385,,,
Peter,6/30/2025,181,2025,0,507,545.6,0.929252199,1,,,
Peter,6/30/2025,181,2025,0.25,404,534.4,0.755988024,0.813544509,,,
Peter,6/30/2025,181,2025,0.5,234.3,473.6,0.494721284,0.532386455,,,
Peter,6/30/2025,181,2025,0.75,205.4,440.6,0.466182478,0.501674872,,,
Peter,6/30/2025,181,2025,1,140.8,415.7,0.338705797,0.364492866,,,
Peter,6/30/2025,181,2025,1.5,79.3,413.2,0.191916747,0.20652816,,,
Peter,6/30/2025,181,2025,2,46.14,407.8,0.113143698,0.121757794,,,
Peter,6/30/2025,181,2025,2.5,31.14,402.8,0.077308838,0.083194679,,,
Peter,6/30/2025,181,2025,3,20.75,401.1,0.051732735,0.055671361,,,
Peter,6/30/2025,181,2025,3.5,13.83,397.7,0.034774956,0.037422517,,,
Peter,6/30/2025,181,2025,4,6.9,403.4,0.017104611,0.018406855,,,
Peter,6/30/2025,181,2025,4.5,2.28,400.4,0.005694306,0.006127837,,,
Paul,7/1/2025,182,2025,0,1484,1186,1.251264755,1,,,
Paul,7/1/2025,182,2025,0.25,1294,1200,1.078333333,0.861794699,,,
Paul,7/1/2025,182,2025,0.5,949.7,1199,0.792076731,0.633020891,,,
Paul,7/1/2025,182,2025,0.75,788.1,1142,0.690105079,0.551526027,,,
Paul,7/1/2025,182,2025,1,640.3,1132,0.565636042,0.452051446,,,
Paul,7/1/2025,182,2025,1.5,430.3,1109,0.388007214,0.310092019,,,
Paul,7/1/2025,182,2025,2,322.9,1125,0.287022222,0.229385684,,,
Paul,7/1/2025,182,2025,2.5,228.3,1150,0.198521739,0.158656862,,,
Paul,7/1/2025,182,2025,3,166,1118,0.148479428,0.118663478,,,
Paul,7/1/2025,182,2025,3.5,121,1127,0.107364685,0.08580493,,,
Paul,7/1/2025,182,2025,4,90.97,1138,0.079938489,0.063886151,,,
Paul,7/1/2025,182,2025,4.5,66.73,1150,0.058026087,0.046373948,,,
Paul,7/1/2025,182,2025,5,45.96,1130,0.040672566,0.032505164,,,
Paul,7/1/2025,182,2025,5.5,29.8,1145,0.026026201,0.020799915,,,
Paul,7/1/2025,182,2025,6,13.64,1142,0.011943958,0.009545508,,,
Tuesday,7/2/2025,183,2025,0,1311,1040,1.260576923,1,,,
Tuesday,7/2/2025,183,2025,0.25,1014,1125,0.901333333,0.715016527,,,
Tuesday,7/2/2025,183,2025,0.5,677.4,1128,0.600531915,0.476394502,,,
Tuesday,7/2/2025,183,2025,0.75,529.5,1058,0.50047259,0.397018683,,,
Tuesday,7/2/2025,183,2025,1,383,1059,0.361661945,0.286901925,,,
Tuesday,7/2/2025,183,2025,1.5,207.6,1081,0.192044403,0.152346437,,,
Tuesday,7/2/2025,183,2025,2,99.11,1048,0.094570611,0.07502169,,,
Tuesday,7/2/2025,183,2025,2.5,47.18,1048,0.045019084,0.03571308,,,
Tuesday,7/2/2025,183,2025,3,25.25,1053,0.023979107,0.019022328,,,
Tuesday,7/2/2025,183,2025,3.5,11.4,1044,0.01091954,0.008662335,,,
Peter,7/7/2025,188,2025,0,1361,1158,1.175302245,1,,,
Peter,7/7/2025,188,2025,0.25,1092,1111,0.98289829,0.836294063,,,
Peter,7/7/2025,188,2025,0.5,729.3,1088,0.6703125,0.570332017,,,
Peter,7/7/2025,188,2025,0.75,562,1108,0.507220217,0.431565769,,,
Peter,7/7/2025,188,2025,1,396.9,1111,0.357245725,0.303960727,,,
Peter,7/7/2025,188,2025,1.5,226.1,1124,0.201156584,0.171153067,,,
Peter,7/7/2025,188,2025,2,131.5,1135,0.115859031,0.098578073,,,
Peter,7/7/2025,188,2025,2.5,80.7,1118,0.072182469,0.06141609,,,
Peter,7/7/2025,188,2025,3,51.86,1112,0.046636691,0.039680594,,,
Peter,7/7/2025,188,2025,3.5,33.39,1119,0.029839142,0.025388484,,,
Peter,7/7/2025,188,2025,4,17.24,1144,0.01506993,0.012822174,,,
Peter,7/7/2025,188,2025,4.5,6.848,1132,0.00604947,0.005147161,,, 
Paul,7/8/2025,189,2025,0,1507,1313,1.147753237,1,,,
Paul,7/8/2025,189,2025,0.25,1249,1204,1.037375415,0.9038314,,,
Paul,7/8/2025,189,2025,0.5,900.1,1236,0.728236246,0.634488514,,,
Paul,7/8/2025,189,2025,0.75,839,1255,0.668525896,0.582464832,,,
Paul,7/8/2025,189,2025,1,774.3,1401,0.55267666,0.481529167,,,
Paul,7/8/2025,189,2025,1.5,421.1,1122,0.375311943,0.326997068,,,
Paul,7/8/2025,189,2025,2,275.7,1201,0.229558701,0.200007017,,,
Paul,7/8/2025,189,2025,2.5,104.9,636.8,0.164729899,0.143523794,,,
Paul,7/8/2025,189,2025,3,98,752.6,0.130215254,0.113452308,,,
Paul,7/8/2025,189,2025,3.5,148.8,1425,0.104421053,0.090978661,,,
Paul,7/8/2025,189,2025,4,110.7,1427,0.077575333,0.06758886,,,
Paul,7/8/2025,189,2025,4.5,44.91,735.1,0.061093729,0.053228975,,,
Paul,7/8/2025,189,2025,5,36.82,956.8,0.038482441,0.033528497,,,
Paul,7/8/2025,189,2025,5.5,13.74,577.7,0.023783971,0.020722199,,,
Paul,7/8/2025,189,2025,6,9.126,617.3,0.014783736,0.012880587,,,
Paul,7/8/2025,189,2025,6.5,3.356,623.4,0.005383381,0.004690365,,,
Tuesday,7/9/2025,190,2025,0,930.2,706.6,1.316444948,1,,,
Tuesday,7/9/2025,190,2025,0.25,740.8,730.3,1.014377653,0.770543162,,,
Tuesday,7/9/2025,190,2025,0.5,448.9,620.9,0.722982767,0.549193317,,,
Tuesday,7/9/2025,190,2025,0.75,369.2,611.9,0.603366563,0.458330266,,,
Tuesday,7/9/2025,190,2025,1,241.2,575,0.419478261,0.318644742,,,
Tuesday,7/9/2025,190,2025,1.5,146.5,550,0.282927771,0.214918043,,,
Tuesday,7/9/2025,190,2025,2,63.42,517.8,0.126183844,0.095851972,,,
Tuesday,7/9/2025,190,2025,2.5,34.71,502.6,0.069295269,0.052638182,,,
Tuesday,7/9/2025,190,2025,3,28.79,500.9,0.057476542,0.043660422,,,
Tuesday,7/9/2025,190,2025,3.5,19.51,503.2,0.03877186,0.029451942,,,
Tuesday,7/9/2025,190,2025,4,3.401,487.2,0.006980706,0.005302695,,,
Peter,7/14/2025,195,2025,0,1249,1100,1.135454545,1,,,
Peter,7/14/2025,195,2025,0.25,1028,1127,0.912156167,0.803340099,,,
Peter,7/14/2025,195,2025,0.5,668.2,1124,0.594483986,0.523564759,,,
Peter,7/14/2025,195,2025,0.75,521.6,1120,0.465714286,0.410156697,,,
Peter,7/14/2025,195,2025,1,383.1,1042,0.367658349,0.323798386,,,
Peter,7/14/2025,195,2025,1.5,250.4,1044,0.239846743,0.211234121,,,
Peter,7/14/2025,195,2025,2,126.9,1046,0.121319312,0.106846471,,,
Peter,7/14/2025,195,2025,2.5,76.12,1053,0.072288699,0.063664987,,,
Peter,7/14/2025,195,2025,3,51.88,1049,0.049456625,0.043556676,,,
Peter,7/14/2025,195,2025,3.5,31.11,1064,0.029238722,0.025750676,,,
Peter,7/14/2025,195,2025,4,17.26,1093,0.0157914,0.013907558,,,
Peter,7/14/2025,195,2025,4.5,5.715,1071,0.005336134,0.004699558,,,
Paul,7/15/2025,196,2025,0,801,726.9,1.101939744,1,,,
Paul,7/15/2025,196,2025,0.25,1070,1098,0.974499089,0.884348799,,,
Paul,7/15/2025,196,2025,0.5,805.6,1103,0.730371714,0.662805491,,,
Paul,7/15/2025,196,2025,0.75,728.2,1210,0.601818182,0.546144365,,,
Paul,7/15/2025,196,2025,1,594.4,1116,0.532616487,0.483344475,,,
Paul,7/15/2025,196,2025,1.5,392.4,1152,0.340625,0.309113998,,,
Paul,7/15/2025,196,2025,2,275.8,1029,0.268027211,0.243232184,,,
Paul,7/15/2025,196,2025,2.5,126.9,683.1,0.185770751,0.168585217,,,
Paul,7/15/2025,196,2025,3,147.7,1085,0.136129032,0.123535822,,,
Paul,7/15/2025,196,2025,3.5,116.5,1084,0.107472325,0.097530128,,,
Paul,7/15/2025,196,2025,4,84.22,1111,0.075805581,0.068792855,,,
Paul,7/15/2025,196,2025,4.5,62.69,1157,0.054183232,0.049170776,,,
Paul,7/15/2025,196,2025,5,46.13,1161,0.039732989,0.036057315,,,
Paul,7/15/2025,196,2025,5.5,25.35,1164,0.022236842,0.020179726,,,
Paul,7/15/2025,196,2025,6,12.66,1140,0.017524917,0.015903698,,,
Paul,7/15/2025,196,2025,6.5,4.581,722.4,0.006341362,0.005754727,,,
Tuesday,7/16/2025,197,2025,0,244.7,232.6,1.052020636,1,,,
Tuesday,7/16/2025,197,2025,0.25,183.5,205.9,0.891209325,0.847140535,,,
Tuesday,7/16/2025,197,2025,0.5,120,198.7,0.603925516,0.574062423,,,
Tuesday,7/16/2025,197,2025,0.75,86.56,178.2,0.485746352,0.461727019,,,
Tuesday,7/16/2025,197,2025,1,53.09,162.5,0.326707692,0.310552551,,,
Tuesday,7/16/2025,197,2025,1.5,28.85,159.4,0.180991217,0.172041508,,,
Tuesday,7/16/2025,197,2025,2,17.31,160.5,0.107850467,0.102517445,,,
Tuesday,7/16/2025,197,2025,2.5,10.38,161.4,0.064312268,0.061132135,,,
Tuesday,7/16/2025,197,2025,3,5.763,167.2,0.034467703,0.032763334,,,
Tuesday,7/16/2025,197,2025,3.5,1.146,172.5,0.006643478,0.00631497,,,
Peter,7/21/2025,202,2025,0,1386,1040,1.332692308,1,,,
Peter,7/21/2025,202,2025,0.25,1061,1014,1.046351085,0.785140785,,,
Peter,7/21/2025,202,2025,0.5,693.6,937.7,0.739682201,0.555028491,,,
Peter,7/21/2025,202,2025,0.75,515.8,899.1,0.573684796,0.430470554,,,
Peter,7/21/2025,202,2025,1,368.1,916.6,0.401592843,0.301339507,,,
Peter,7/21/2025,202,2025,1.5,206.6,904.3,0.228464005,0.171430422,,,
Peter,7/21/2025,202,2025,2,113.2,880.9,0.128504938,0.096425062,,,
Peter,7/21/2025,202,2025,2.5,68.07,901.4,0.075515864,0.056664141,,,
Peter,7/21/2025,202,2025,3,46.14,917.4,0.05029431,0.037738876,,,
Peter,7/21/2025,202,2025,3.5,28.83,931,0.030966702,0.023236198,,,
Peter,7/21/2025,202,2025,4,17.29,942.7,0.018340936,0.013762318,,,
Peter,7/21/2025,202,2025,4.5,8.054,951.4,0.008465419,0.006352118,,,
Paul,7/22/2025,203,2025,0,567,549,1.032786885,1,,,
Paul,7/22/2025,203,2025,0.25,497,605.9,0.820267371,0.794227137,,,
Paul,7/22/2025,203,2025,0.5,489,799,0.612015019,0.592585971,,,
Paul,7/22/2025,203,2025,0.75,614,1075,0.571162791,0.553030639,,,
Paul,7/22/2025,203,2025,1,545,1180,0.461864407,0.447202045,,,
Paul,7/22/2025,203,2025,1.5,307,929,0.330462863,0.319971979,,,
Paul,7/22/2025,203,2025,2,210,969,0.216718266,0.209838321,,,
Paul,7/22/2025,203,2025,2.5,126.9,824,0.154004854,0.149115811,,,
Paul,7/22/2025,203,2025,3,68.04,663,0.102624434,0.099366516,,,
Paul,7/22/2025,203,2025,3.5,50.73,639,0.079389671,0.076869364,,,
Paul,7/22/2025,203,2025,4,42.66,710,0.060084507,0.058177062,,,
Paul,7/22/2025,203,2025,4.5,28.8,644.2,0.044706613,0.043287355,,,
Paul,7/22/2025,203,2025,5,19.75,635,0.031102362,0.030114986,,,
Paul,7/22/2025,203,2025,5.5,14.95,701.01,0.021326372,0.020649344,,,
Paul,7/22/2025,203,2025,6,9.181,770,0.011923377,0.011544857,,,
Paul,7/22/2025,203,2025,6.5,2.256,753.1,0.002995618,0.002900519,,,
Tuesday,7/23/2025,204,2025,0,304.8,325.5,0.93640553,1,,,
Tuesday,7/23/2025,204,2025,0.25,429.3,276.6,1.552060738,1.657466437,,,
Tuesday,7/23/2025,204,2025,0.5,124.6,277.8,0.448524118,0.47898491,,,
Tuesday,7/23/2025,204,2025,0.75,81.96,278.7,0.294079656,0.314051601,,,
Tuesday,7/23/2025,204,2025,1,66.93,273.2,0.244985359,0.261623144,,,
Tuesday,7/23/2025,204,2025,1.5,34.61,272.8,0.126869501,0.135485639,,,
Tuesday,7/23/2025,204,2025,2,18.46,222.6,0.082929021,0.088561011,,,
Tuesday,7/23/2025,204,2025,2.5,11.53,229.5,0.050239651,0.053651596,,,
Tuesday,7/23/2025,204,2025,3,4.606,233.1,0.01975976,0.021101712,,,
Tuesday,7/23/2025,204,2025,3.5,2.297,234.4,0.009799488,0.010465004,,,
Peter,7/28/2025,209,2025,0,1139,1089,1.045913682,1,,,
Peter,7/28/2025,209,2025,0.25,682,1081,0.630897317,0.603202088,,,
Peter,7/28/2025,209,2025,0.5,588.6,1056,0.557386364,0.53291813,,,
Peter,7/28/2025,209,2025,0.75,577,1016,0.567913386,0.542983035,,,
Peter,7/28/2025,209,2025,1,352,1002,0.351297405,0.335876097,,,
Peter,7/28/2025,209,2025,1.5,177.7,1052,0.16891635,0.161501233,,,
Peter,7/28/2025,209,2025,2,116.5,1035,0.112560386,0.107619193,,,
Peter,7/28/2025,209,2025,2.5,68.07,1037,0.065641273,0.062759742,,,
Peter,7/28/2025,209,2025,3,47.3,1034,0.045744681,0.043736574,,,
Peter,7/28/2025,209,2025,3.5,27.67,1028,0.026916342,0.025734765,,,
Peter,7/28/2025,209,2025,4,16.13,1047,0.015405922,0.01472963,,,
Peter,7/28/2025,209,2025,4.5,10.36,1069,0.0096913,0.00926587,,,
Paul,7/29/2025,210,2025,0,1319,1147,1.149956408,1,,,
Paul,7/29/2025,210,2025,0.25,1087,1144,0.950174825,0.826270299,,,
Paul,7/29/2025,210,2025,0.5,833.3,1142,0.729684764,0.634532543,,,
Paul,7/29/2025,210,2025,0.75,700.5,1138,0.615553603,0.535284293,,,
Paul,7/29/2025,210,2025,1,566.7,1063,0.533113829,0.463594815,,,
Paul,7/29/2025,210,2025,1.5,415.5,1058,0.392722117,0.341510439,,,
Paul,7/29/2025,210,2025,2,273.5,1069,0.255846586,0.222483725,,,
Paul,7/29/2025,210,2025,2.5,169.6,1062,0.159698682,0.138873683,,,
Paul,7/29/2025,210,2025,3,124.6,1101,0.113169846,0.098412292,,,
Paul,7/29/2025,210,2025,3.5,92.29,1021,0.090391773,0.078604521,,,
Paul,7/29/2025,210,2025,4,68.06,1106,0.061537071,0.053512525,,,
Paul,7/29/2025,210,2025,4.5,42.66,1070,0.039869159,0.034670148,,,
Paul,7/29/2025,210,2025,5,29.97,1032,0.029040698,0.025253738,,,
Paul,7/29/2025,210,2025,5.5,18.43,1048,0.017585878,0.015292647,,,
Paul,7/29/2025,210,2025,6,11.5,1047,0.010983763,0.00955146,,,
Tuesday,7/30/2025,211,2025,0,1011,844.6,1.197016339,1,,,
Tuesday,7/30/2025,211,2025,0.25,653.2,757.1,0.862765817,0.720763609,,,
Tuesday,7/30/2025,211,2025,0.5,451.3,795.4,0.567387478,0.474001448,,,
Tuesday,7/30/2025,211,2025,0.75,337,815.4,0.413294089,0.345270215,,,
Tuesday,7/30/2025,211,2025,1,256.2,780.5,0.328251121,0.274224428,,,
Tuesday,7/30/2025,211,2025,1.5,141.9,789.6,0.179711246,0.150132659,,,
Tuesday,7/30/2025,211,2025,2,68.06,801.5,0.084915783,0.070939535,,,
Tuesday,7/30/2025,211,2025,2.5,32.27,747,0.043199465,0.036089286,,,
Tuesday,7/30/2025,211,2025,3,17.27,793.1,0.021775312,0.018191324,,,
Tuesday,7/30/2025,211,2025,3.5,10.35,807.7,0.012814164,0.010705087,,,
Tuesday,7/30/2025,211,2025,4,2.265,803.9,0.002817515,0.002353781,,,
Peter,8/4/2025,216,2025,0,836.6,746.7,1.120396411,1,,,
Peter,8/4/2025,216,2025,0.25,643.1,724.3,0.887891758,0.792480009,,,
Peter,8/4/2025,216,2025,0.5,414.3,777.5,0.532861736,0.475601074,,,
Peter,8/4/2025,216,2025,0.75,397,703.7,0.564160864,0.503536836,,,
Peter,8/4/2025,216,2025,1,279.3,711.5,0.392550949,0.35036791,,,
Peter,8/4/2025,216,2025,1.5,154.6,703.2,0.219852105,0.19622707,,,
Peter,8/4/2025,216,2025,2,92.31,711.2,0.129794713,0.115847134,,,
Peter,8/4/2025,216,2025,2.5,58.8,708.9,0.082945408,0.074032198,,,
Peter,8/4/2025,216,2025,3,35.76,725.8,0.049269771,0.043975303,,,
Peter,8/4/2025,216,2025,3.5,21.91,731.7,0.029943966,0.026726225,,,
Peter,8/4/2025,216,2025,4,16.41,726.1,0.022600193,0.020171604,,,
Peter,8/4/2025,216,2025,4.5,6.903,727,0.009495186,0.008474845,,,
Paul,8/5/2025,217,2025,0,902.6,756.8,1.192653277,1,,,
Paul,8/5/2025,217,2025,0.25,701.2,713.7,0.982485638,0.823781444,,,
Paul,8/5/2025,217,2025,0.5,527.4,699.6,0.753859348,0.632085924,,,
Paul,8/5/2025,217,2025,0.75,436.2,675.8,0.645457236,0.541194367,,,
Paul,8/5/2025,217,2025,1,376.2,634,0.593375394,0.49752548,,,
Paul,8/5/2025,217,2025,1.5,259.7,633.6,0.409880051,0.343670754,,,
Paul,8/5/2025,217,2025,2,189.2,635.9,0.297531058,0.24946987,,,
Paul,8/5/2025,217,2025,2.5,136.2,642.5,0.211984436,0.17774188,,,
Paul,8/5/2025,217,2025,3,92.3,647.6,0.142526251,0.119503508,,,
Paul,8/5/2025,217,2025,3.5,69.53,649,0.107134052,0.08982833,,,
Paul,8/5/2025,217,2025,4,55.36,651.5,0.084973139,0.071247143,,,
Paul,8/5/2025,217,2025,4.5,36.9,657.4,0.05613021,0.047063309,,,
Paul,8/5/2025,217,2025,5,28.82,664.6,0.04336443,0.036359628,,,
Paul,8/5/2025,217,2025,5.5,18.53,659.9,0.028080012,0.023544154,,,
Paul,8/5/2025,217,2025,6,9.2,661.5,0.013907785,0.011661214,,,
Paul,8/5/2025,217,2025,6.5,3.43,662.1,0.005180486,0.004343665,,,
Paul,8/5/2025,217,2025,7,1.122,647,0.001734158,0.001454033,,,
Tuesday,8/6/2025,218,2025,0,1087,894.7,1.21493238,1,,,
Tuesday,8/6/2025,218,2025,0.25,945.1,1003,0.94227318,0.775576646,,,
Tuesday,8/6/2025,218,2025,0.5,610.5,1002,0.609281437,0.501494114,,,
Tuesday,8/6/2025,218,2025,0.75,461.6,977,0.472466735,0.388883153,,,
Tuesday,8/6/2025,218,2025,1,308.1,893.1,0.344978166,0.28394845,,,
Tuesday,8/6/2025,218,2025,1.5,167.3,821,0.203775883,0.167726111,,,
Tuesday,8/6/2025,218,2025,2,79.58,754.6,0.105459846,0.086803058,,,
Tuesday,8/6/2025,218,2025,2.5,50.72,830,0.061108434,0.050297806,,,
Tuesday,8/6/2025,218,2025,3,44.56,885.2,0.050338906,0.041433505,,,
Tuesday,8/6/2025,218,2025,3.5,14.94,835.1,0.017890073,0.014725159,,,
Tuesday,8/6/2025,218,2025,4,8.016,790.5,0.010140417,0.008346487,,,
Peter,8/11/2025,223,2025,0,1031,878.9,1.173057231,1,,,
Peter,8/11/2025,223,2025,0.25,859.7,1017,0.8453294,0.720620766,,,
Peter,8/11/2025,223,2025,0.5,586.2,1032,0.568023256,0.484224675,,,
Peter,8/11/2025,223,2025,0.75,517,1108,0.466606498,0.397769594,,,
Peter,8/11/2025,223,2025,1,366.9,1035,0.354492754,0.302195617,,,
Peter,8/11/2025,223,2025,1.5,210,1029,0.204081633,0.173974148,,,
Peter,8/11/2025,223,2025,2,108.4,967.9,0.111995041,0.095472785,,,
Peter,8/11/2025,223,2025,2.5,51.48,879.5,0.058533258,0.049898041,,,
Peter,8/11/2025,223,2025,3,23.01,666.4,0.034528812,0.029434891,,,
Peter,8/11/2025,223,2025,3.5,28.78,1084,0.026549815,0.02263301,,,
Peter,8/11/2025,223,2025,4,13.78,1046,0.013173996,0.01123048,,,
Peter,8/11/2025,223,2025,4.5,4.549,588,0.007736395,0.00659507,,,
Paul,8/12/2025,224,2025,0,1997,1712,1.166471963,1,,,
Paul,8/12/2025,224,2025,0.25,1699,1671,1.016756433,0.871650983,,,
Paul,8/12/2025,224,2025,0.5,1295,1663,0.778713169,0.667579842,,,
Paul,8/12/2025,224,2025,0.75,1083,1617,0.669758813,0.574174806,,,
Paul,8/12/2025,224,2025,1,853.6,1593,0.535844319,0.459371795,,,
Paul,8/12/2025,224,2025,1.5,631.3,1644,0.384002433,0.329199883,,,
Paul,8/12/2025,224,2025,2,454.7,1670,0.272275449,0.233417911,,,
Paul,8/12/2025,224,2025,2.5,335.8,1730,0.194104046,0.166402668,,,
Paul,8/12/2025,224,2025,3,261.9,1775,0.147549296,0.126491935,,,
Paul,8/12/2025,224,2025,3.5,193.8,1750,0.110742857,0.094938293,,,
Paul,8/12/2025,224,2025,4,137.3,1736,0.079089862,0.067802626,,,
Paul,8/12/2025,224,2025,4.5,101.5,1757,0.057768924,0.049524486,,,
Paul,8/12/2025,224,2025,5,71.49,1684,0.042452494,0.036393926,,,
Paul,8/12/2025,224,2025,5.5,11.47,461.1,0.024875298,0.021325243,,,
Paul,8/12/2025,224,2025,6,29.94,1681,0.017810827,0.015268971,,,
Paul,8/12/2025,224,2025,6.5,13.78,1666,0.008271309,0.007090876,,,
Tuesday,8/13/2025,225,2025,0,1184,961.8,1.231025161,1,,,
Tuesday,8/13/2025,225,2025,0.25,966.1,1015,0.95182266,0.77319513,,,
Tuesday,8/13/2025,225,2025,0.5,624.4,942.7,0.662352816,0.538049779,,,
Tuesday,8/13/2025,225,2025,0.75,488.2,840.7,0.580706554,0.471725983,,,
Tuesday,8/13/2025,225,2025,1,341.6,749.5,0.455770514,0.370236554,,,
Tuesday,8/13/2025,225,2025,1.5,188.1,741.9,0.253538213,0.20595697,,,
Tuesday,8/13/2025,225,2025,2,105,100.8,1.041666667,0.846178209,,,
Tuesday,8/13/2025,225,2025,2.5,56.37,673.8,0.08365984,0.067959488,,,
Tuesday,8/13/2025,225,2025,3,31.13,687.2,0.045299767,0.036798409,,,
Tuesday,8/13/2025,225,2025,3.5,16.13,701.8,0.022983756,0.018670419,,,
Tuesday,8/13/2025,225,2025,4,6.894,780.6,0.008831668,0.007174238,,,
Peter,8/18/2025,230,2025,0,66.94,80.14,0.835288246,1,,,
Peter,8/18/2025,230,2025,0.25,53.195,96.8,0.549535124,0.657898787,,,
Peter,8/18/2025,230,2025,0.5,49.63,107.3,0.462534949,0.553742916,,,
Peter,8/18/2025,230,2025,0.75,54.25,118.6,0.457419899,0.547619222,,,
Peter,8/18/2025,230,2025,1,36.94,124.6,0.2964687,0.354929812,,,
Peter,8/18/2025,230,2025,1.5,23.08,143.9,0.160389159,0.19201654,,,
Peter,8/18/2025,230,2025,2,11.54,125.6,0.091878981,0.109996736,,,
Peter,8/18/2025,230,2025,2.5,9.233,144.4,0.063940443,0.076548956,,,
Peter,8/18/2025,230,2025,3,4616,140.1,0.032,0.022840828,,,
Peter,8/18/2025,230,2025,3.5,2.308,133,0.017353383,0.020775323,,,
Peter,8/18/2025,230,2025,4,1.154,132.9,0.00868322,0.010395478,,,
Paul,8/19/2025,231,2025,0,214,186,1.150537634,1,,,
Paul,8/19/2025,231,2025,0.25,153,182,0.840659341,0.73066653,,,
Paul,8/19/2025,231,2025,0.5,116,168,0.69047619,0.600133511,,,
Paul,8/19/2025,231,2025,0.75,100,168,0.595238095,0.517356475,,,
Paul,8/19/2025,231,2025,1,76,165,0.460606061,0.400339847,,,
Paul,8/19/2025,231,2025,1.5,54,163,0.331288344,0.287942205,,,
Paul,8/19/2025,231,2025,2,38,154,0.246753247,0.214467775,,,
Paul,8/19/2025,231,2025,2.5,27,156,0.173076923,0.150431344,,,
Paul,8/19/2025,231,2025,3,23,155,0.148387097,0.128971963,,,
Paul,8/19/2025,231,2025,3.5,17,157,0.108280255,0.094112745,,,
Paul,8/19/2025,231,2025,4,12,158,0.075949367,0.066012067,,,
Paul,8/19/2025,231,2025,4.5,8,154,0.051948052,0.045151111,,,
Paul,8/19/2025,231,2025,5,9.22,171,0.053918129,0.04686342,,,
Paul,8/19/2025,231,2025,5.5,4.6,173,0.026589595,0.023110583,,,
Paul,8/19/2025,231,2025,6,1.14,183,0.006229508,0.005414432,,,
Tuesday,8/20/2025,232,2025,0,491,495,0.991919192,1,,,
Tuesday,8/20/2025,232,2025,0.25,418,554,0.754512635,0.760659378,,,
Tuesday,8/20/2025,232,2025,0.5,308,552,0.557971014,0.562516603,,,
Tuesday,8/20/2025,232,2025,0.75,204,502,0.406374502,0.409685089,,,
Tuesday,8/20/2025,232,2025,1,133,492,0.270325203,0.272527445,,,
Tuesday,8/20/2025,232,2025,1.5,83,481,0.172557173,0.173962934,,,
Tuesday,8/20/2025,232,2025,2,51,485,0.105154639,0.106011296,,,
Tuesday,8/20/2025,232,2025,2.5,32,494,0.064777328,0.065305045,,,
Tuesday,8/20/2025,232,2025,3,16,494,0.032388664,0.032652523,,,
Tuesday,8/20/2025,232,2025,3.5,10.35,501,0.020658683,0.020826981,,,
Tuesday,8/20/2025,232,2025,4,6.88,521,0.013205374,0.013312954,,,
Tuesday,8/20/2025,232,2025,4.5,1.12,497,0.002253521,0.00227188,,,
