Lake,Date,Rep,Filter_volume,Extract_time,Analysis_time,Fb,Fa,Methanol_blank,solid_standard,solid_standard_2
Peter,5/26/2025,A,200,11:49,11:53,53229.77,31249.07,379.62,230880,21980.7
Peter,5/26/2025,B,200,11:49,11:53,53730.08,31445.19,379.62,230880,22284.89
Paul,5/26/2025,A,200,11:49,11:53,27389.78,16018.5,379.62,230880,11371.28
Paul,5/26/2025,B,200,11:49,11:53,26708.94,15382.51,379.62,230880,11326.43
Tuesday,5/26/2025,A,200,11:49,11:53,128077,74769.63,379.62,230880,53307.37
Tuesday,5/26/2025,B,200,11:49,11:53,115086,67602.46,379.62,230880,47483.54
Peter,5/27/2025,A,200,11:49,12:06,52863.62,31524.29,387.69,241333,21339.33
Peter,5/27/2025,B,200,11:49,12:06,48453.18,29245.16,387.69,241333,19208.02
Paul,5/27/2025,A,200,11:49,12:06,53827.08,31473.34,387.69,241333,22353.74
Paul,5/27/2025,B,200,11:49,12:06,66497.42,38028.76,387.69,241333,28468.66
Tuesday,5/27/2025,A,200,11:49,12:06,137687,80373.77,387.69,241333,57313.23
Tuesday,5/27/2025,B,200,11:49,12:06,154442,88975.45,387.69,241333,65466.55
Peter,5/28/2025,A,200,8:47,8:45,34723,20189,417.6,232580,14534
Peter,5/28/2025,B,200,8:47,8:45,37561,21402,417.6,232580,16159
Paul,5/28/2025,A,200,8:47,8:45,28605,17234,417.6,232580,11371
Paul,5/28/2025,B,200,8:47,8:45,54327,31262,417.6,232580,23065
Tuesday,5/28/2025,A,200,8:47,8:45,140392,83612,417.6,232580,56780
Tuesday,5/28/2025,B,200,8:47,8:45,137670,81913,417.6,232580,55757
Peter,5/29/2025,A,200,8:47,8:45,48283,28379,390.78,230424,19904
Peter,5/29/2025,B,200,8:47,8:45,48555,28163,390.78,230424,20392
Paul,5/29/2025,A,200,8:47,8:45,48147,27647,390.78,230424,20500
Paul,5/29/2025,B,200,8:47,8:45,84581,47874,390.78,230424,36707
Tuesday,5/29/2025,A,200,8:47,8:45,305177,171911,390.78,230424,133266
Tuesday,5/29/2025,B,200,8:47,8:45,111656,66167,390.78,230424,45489
Peter,5/30/2025,A,200,8:47,8:45,52118,30413,390.78,230424,21705
Peter,5/30/2025,B,200,8:47,8:45,57658,34338,390.78,230424,23320
Paul,5/30/2025,A,200,8:47,8:45,49619,28430,390.78,230424,21189
Paul,5/30/2025,B,200,8:47,8:45,52668,30702,390.78,230424,21966
Tuesday,5/30/2025,A,200,8:47,8:45,210447,122508,390.78,230424,87939
Tuesday,5/30/2025,B,200,8:47,8:45,214112,123832,390.78,230424,90280
Peter,5/31/2025,A,200,8:45,8:52,47389.93,26543.82,406.6,228237.36,20846.11
Peter,5/31/2025,B,200,8:45,8:52,44907.67,31688.04,406.6,228237.36,13219.63
Paul,5/31/2025,A,200,8:45,8:52,53706.62,28547.62,406.6,228237.36,25159
Paul,5/31/2025,B,200,8:45,8:52,49500.57,28268.1,406.6,228237.36,21232.47
Tuesday,5/31/2025,A,200,8:45,8:52,170804.97,99097.04,406.6,228237.36,71707.93
Tuesday,5/31/2025,B,200,8:45,8:52,169522.09,99683.12,406.6,228237.36,69838.97
Peter,6/1/2025,A,200,8:45,8:58,46557.84,27944,406.6,228237.4,18613.84
Peter,6/1/2025,B,200,8:45,8:58,48739.99,29444.51,406.6,228237.36,19295.48
Paul,6/1/2025,A,200,8:45,8:58,48632.87,28775.46,406.6,228237.36,19857.41
Paul,6/1/2025,B,200,8:45,8:58,39933.64,23000.55,406.6,228237.36,16933.09
Tuesday,6/1/2025,A,200,8:45,8:58,179504.2,105000.58,406.6,228237.36,74503.62
Tuesday,6/1/2025,B,200,8:45,8:58,171802.75,99545.36,406.6,228237.36,72257.39
Peter,6/2/2025,A,200,8:45,9:04,46761.73,27427.35,406.6,228237.36,19334.38
Peter,6/2/2025,B,200,8:45,9:04,45425.26,26914.51,406.6,228237.36,18510.75
Paul,6/2/2025,A,200,8:45,9:04,37349.7,21855.79,406.6,228237.36,15493.91
Paul,6/2/2025,B,200,8:45,9:04,37610.7,22374.95,406.6,228237.36,15235.75
Tuesday,6/2/2025,A,200,8:45,9:04,152123.33,89215.53,406.6,228237.36,62907.8
Tuesday,6/2/2025,B,200,8:45,9:04,160473.55,95340.72,406.6,228237.36,65132.83
Peter,6/3/2025,A,200,8:45,8:45,53516.89,31038.13,445.04,234863,22478.76
Peter,6/3/2025,B,200,8:45,8:45,54835.56,31154.47,445.04,234863,23681.09
Paul,6/3/2025,A,200,8:45,8:45,50910.3,28320.2,445.04,234863,22590.1
Paul,6/3/2025,B,200,8:45,8:45,47274.19,26782.7,445.04,234863,20491.49
Tuesday,6/3/2025,A,200,8:45,8:45,421074,234546,445.04,234863,186528
Tuesday,6/3/2025,B,200,8:45,8:45,445390,248090,445.04,234863,197300
Peter,6/4/2025,A,200,8:45,8:45,46174.64,27846.56,445.04,234863,18328.08
Peter,6/4/2025,B,200,8:45,8:45,50780.12,31820.91,445.04,234863,18959.21
Paul,6/4/2025,A,200,8:45,8:45,48533.41,28743.36,445.04,234863,19790.05
Paul,6/4/2025,B,200,8:45,8:45,48621.43,29397.23,445.04,234863,19224.2
Tuesday,6/4/2025,A,200,8:45,8:45,196627,118037,445.04,234863,78590
Tuesday,6/4/2025,B,200,8:45,8:45,208634,122920,445.04,234863,85714
Peter,6/5/2025,A,200,9:45,9:54,38118.51,22206.5,381.23,229982,15912.01
Peter,6/5/2025,B,200,9:45,9:54,34560.52,20458.84,381.23,229982,14101.68
Paul,6/5/2025,A,200,9:45,9:54,45828.23,25977.38,381.23,229982,19850.85
Paul,6/5/2025,B,200,9:45,9:54,36819.88,21730.25,381.23,229982,15089.63
Tuesday,6/5/2025,A,200,9:45,9:54,131652,78934.63,381.23,229982,52717.37
Tuesday,6/5/2025,B,200,9:45,9:54,237295,136443,381.23,229982,100852
Peter,6/6/2025,A,200,9:45,9:54,52758.5,32173.14,381.23,229982,20585.36
Peter,6/6/2025,B,200,9:45,9:54,57587.32,33823.41,381.23,229982,23763.91
Paul,6/6/2025,A,200,9:45,9:54,46108.95,26804.91,381.23,229982,19304.04
Paul,6/6/2025,B,200,9:45,9:54,50722.07,29038.58,381.23,229982,21683.49
Tuesday,6/6/2025,A,200,9:45,9:54,175633,105253,381.23,229982,70380
Tuesday,6/6/2025,B,200,9:45,9:54,356798,205508,381.23,229982,151290
Peter,6/7/2025,A,200,9:45,9:54,41959.36,25444.1,381.23,229982,16515.26
Peter,6/7/2025,B,200,9:45,9:54,39938.94,24095.3,381.23,229982,15843.64
Paul,6/7/2025,A,200,9:45,9:54,40878.21,24430.4,381.23,229982,16447.81
Paul,6/7/2025,B,200,9:45,9:54,40432.64,24007.39,381.23,229982,16425.25
Tuesday,6/7/2025,A,200,9:45,9:54,317414,177714,381.23,229982,139700
Tuesday,6/7/2025,B,200,9:45,9:54,298295,169134,381.23,229982,129161
Peter,6/8/2025,A,200,8:43,8:53,38358.49,21495.8,437.95,245352,
Peter,6/8/2025,B,200,8:43,8:53,37592.71,21608.38,437.95,245352,
Paul,6/8/2025,A,200,8:43,8:53,41242.19,23163.31,437.95,245352,
Paul,6/8/2025,B,200,8:43,8:53,38855.7,22192.76,437.95,245352,
Tuesday,6/8/2025,A,200,8:43,8:53,338955,190322,437.95,245352,
Tuesday,6/8/2025,B,200,8:43,8:53,342671,193153,437.95,245352,
Peter,6/9/2025,A,200,8:43,8:53,65804.39,37558.19,437.95,245352,
Peter,6/9/2025,B,200,8:43,8:53,58344.54,34769.13,437.95,245352,
Paul,6/9/2025,A,200,8:43,8:53,59800.5,35877.7,437.95,245352,
Paul,6/9/2025,B,200,8:43,8:53,52624.11,31525.8,437.95,245352,
Tuesday,6/9/2025,A,200,8:43,8:53,712270,394092,437.95,245352,
Tuesday,6/9/2025,B,200,8:43,8:53,589118,334221,437.95,245352,
Peter,6/10/2025,A,200,8:45,8:45,71551.23,41723.18,444.71,23766,
Peter,6/10/2025,B,200,8:45,8:45,64045.56,37422.28,444.71,23766,
Paul,6/10/2025,A,200,8:45,8:45,58141.04,32261.51,444.71,23766,
Paul,6/10/2025,B,200,8:45,8:45,62648.17,36496.73,444.71,23766,
Tuesday,6/10/2025,A,200,8:45,8:45,479375,276096,444.71,23766,
Tuesday,6/10/2025,B,200,8:45,8:45,483139,279103,444.71,23766,
Peter,6/11/2025,A,200,8:45,8:45,68855.68,42138.51,425.66,234984.67,
Peter,6/11/2025,B,200,8:45,8:45,61010.17,36853.27,425.66,234984.67,
Paul,6/11/2025,A,200,8:45,8:45,45951.53,27457.44,425.66,234984.67,
Paul,6/11/2025,B,200,8:45,8:45,48739.32,28762.94,425.66,234984.67,
Tuesday,6/11/2025,A,200,8:45,8:45,310614,185777,425.66,234984.67,
Tuesday,6/11/2025,B,200,8:45,8:45,306526,183733,425.66,234984.67,
Peter,6/12/2025,A,200,8:45,8:45,54740.88,33745.96,396.15,235622.59,
Peter,6/12/2025,B,200,8:45,8:45,54476.65,34451.1,396.15,235622.59,
Paul,6/12/2025,A,200,8:45,8:45,70011.12,42276.56,396.15,235622.59,
Paul,6/12/2025,B,200,8:45,8:45,70431.81,43470.75,396.15,235622.59,
Tuesday,6/12/2025,A,200,8:45,8:45,477598,279916,396.15,235622.59,
Tuesday,6/12/2025,B,200,8:45,8:45,453163,268840,400.5,236117.81,
Peter,6/13/2025,A,200,8:45,8:50,64031.64,38406.16,283.23,237782,
Peter,6/13/2025,B,200,8:45,8:50,59839.57,35307.73,283.23,237782,
Paul,6/13/2025,A,200,8:45,8:50,43545.51,25384.33,283.23,237782,
Paul,6/13/2025,B,200,8:45,8:50,50359.83,30556.07,283.23,237782,
Tuesday,6/13/2025,A,200,8:45,8:50,517691,298933,283.23,237782,
Tuesday,6/13/2025,B,200,8:45,8:50,524193,300729,283.23,237782,
Peter,6/14/2025,A,200,8:45,8:50,81799.29,49334.02,283.23,237782,
Peter,6/14/2025,B,200,8:45,8:50,90345.46,53959.62,283.23,237782,
Paul,6/14/2025,A,200,8:45,8:50,60041.31,34443.37,283.23,237782,
Paul,6/14/2025,B,200,8:45,8:50,64026.52,38827.15,283.23,237782,
Tuesday,6/14/2025,A,200,8:45,8:50,538616,305643,283.23,237782,
Tuesday,6/14/2025,B,200,8:45,8:50,563717,325095,283.23,237782,
Peter,6/15/2025,A,200,9:45,9:45,75081.45,45021.45,452.58,231936,
Peter,6/15/2025,B,200,9:45,9:45,82218.28,49042.41,452.58,231936,
Paul,6/15/2025,A,200,9:45,9:45,67756.74,39623.39,452.58,231936,
Paul,6/15/2025,B,200,9:45,9:45,63767.38,36691.07,452.58,231936,
Tuesday,6/15/2025,A,200,9:45,9:45,1019833,557143,452.58,231936,
Tuesday,6/15/2025,B,200,9:45,9:45,884263,476699,452.58,231936,
Peter,6/16/2025,A,200,9:45,9:45,57192.91,33734.57,452.58,231936,
Peter,6/16/2025,B,200,9:45,9:45,55904.8,32781.21,452.58,231936,
Paul,6/16/2025,A,200,9:45,9:45,88561.57,50674.21,452.58,231936,
Paul,6/16/2025,B,200,9:45,9:45,80338.19,45568.17,452.58,231936,
Tuesday,6/16/2025,A,200,9:45,9:45,1109240,599565,452.58,231936,
Tuesday,6/16/2025,B,200,9:45,9:45,1126998,602189,452.58,231936,
Peter,6/17/2025,A,200,11:10,11:10,72083.52,40646.35,433.39,233085.5,
Peter,6/17/2025,B,200,11:10,11:10,63595.57,35984.28,433.39,233085.5,
Paul,6/17/2025,A,200,11:10,11:10,46850.74,26765.24,433.39,233085.5,
Paul,6/17/2025,B,200,11:10,11:10,52422.17,30857.69,433.39,233085.5,
Tuesday,6/17/2025,A,200,11:10,11:10,612650.06,337216.19,433.39,233085.5,
Tuesday,6/17/2025,B,200,11:10,11:10,527243.19,292682.28,433.39,233085.5,
Peter,6/18/2025,A,200,11:10,11:10,57759.56,33277.99,433.39,233085.5,
Peter,6/18/2025,B,200,11:10,11:10,61769.61,38028.68,433.39,233085.5,
Paul,6/18/2025,A,200,11:10,11:10,49580.93,28283.41,433.39,233085.5,
Paul,6/18/2025,B,200,11:10,11:10,51515.22,29464.57,433.39,233085.5,
Tuesday,6/18/2025,A,200,11:10,11:10,1263927.25,665356.81,433.39,233085.5,
Tuesday,6/18/2025,B,200,11:10,11:10,1245970.62,662077.69,457.38,236577.7,
Peter,6/19/2025,A,200,8:50,8:50,49807.96,28088.31,410.52,237080,
Peter,6/19/2025,B,200,8:50,8:50,51923.05,30151.84,410.52,237080,
Paul,6/19/2025,A,200,8:50,8:50,51270.59,29626.99,410.52,237080,
Paul,6/19/2025,B,200,8:50,8:50,46989.55,26974.58,410.52,237080,
Tuesday,6/19/2025,A,200,8:50,8:50,625810,340509,410.52,237080,
Tuesday,6/19/2025,B,200,8:50,8:50,641199,351005,410.52,237080,
Peter,6/20/2025,A,200,8:50,8:50,45122.56,26034.29,410.52,237080,
Peter,6/20/2025,B,200,8:50,8:50,44838.18,25430.21,410.52,237080,
Paul,6/20/2025,A,200,8:50,8:50,44349.33,25801.32,410.52,237080,
Paul,6/20/2025,B,200,8:50,8:50,40198.38,22913.71,410.52,237080,
Tuesday,6/20/2025,A,200,8:50,8:50,744973,401518,410.52,237080,
Tuesday,6/20/2025,B,200,8:50,8:50,772340,420184,410.52,237080,
Peter,6/21/2025,A,200,9:30,9:30,44652.63,26368.69,490.18,236809,
Peter,6/21/2025,B,200,9:30,9:30,46347.32,27228.55,490.18,236809,
Paul,6/21/2025,A,200,9:30,9:30,70516.41,41361.6,490.18,236809,
Paul,6/21/2025,B,200,9:30,9:30,81808.63,48260.83,490.18,236809,
Tuesday,6/21/2025,A,200,9:30,9:30,724541,404784,490.18,236809,
Tuesday,6/21/2025,B,200,9:30,9:30,727330,401430,490.18,236809,
Peter,6/22/2025,A,200,9:30,9:30,69638.55,41410.11,490.18,236809,
Peter,6/22/2025,B,200,9:30,9:30,63055.89,37349.3,490.18,236809,
Paul,6/22/2025,A,200,9:30,9:30,71457.48,42095.65,490.18,236809,
Paul,6/22/2025,B,200,9:30,9:30,44129.92,26116.49,490.18,236809,
Tuesday,6/22/2025,A,200,9:30,9:30,776460,422167,490.18,236809,
Tuesday,6/22/2025,B,200,9:30,9:30,775712,423017,490.18,236809,
Peter,6/23/2025,A,200,10:10,10:15,57278.23,32141.5,383.79,232497,
Peter,6/23/2025,B,200,10:10,10:15,53947.49,30675.88,383.79,232497,
Paul,6/23/2025,A,200,10:10,10:15,46016.49,27349.13,383.79,232497,
Paul,6/23/2025,B,200,10:10,10:15,46320.88,27634.79,383.79,232497,
Tuesday,6/23/2025,A,200,10:10,10:15,848471,443652,383.79,232497,
Tuesday,6/23/2025,B,200,10:10,10:15,866404,465926,383.79,232497,
Peter,6/24/2025,A,200,10:10,10:25,134732,74595.03,383.79,232497,
Peter,6/24/2025,B,200,10:10,10:25,123790.77,69592.42,383.79,232497,
Paul,6/24/2025,A,200,10:10,10:25,47928.23,29057.66,383.79,232497,
Paul,6/24/2025,B,200,10:10,10:25,45175.12,27269.71,383.79,232497,
Tuesday,6/24/2025,A,200,10:10,10:25,688628,369929,383.79,232497,
Tuesday,6/24/2025,B,200,10:10,10:25,696413,387602,383.79,232497,
Peter,6/25/2025,A,200,8:45,8:50,74972,42533.99,465,239531,
Peter,6/25/2025,B,200,8:45,8:50,57492.41,32623.23,465,239531,
Paul,6/25/2025,A,200,8:45,8:50,37194.01,22871.04,465,239531,
Paul,6/25/2025,B,200,8:45,8:50,36738.18,22252.88,465,239531,
Tuesday,6/25/2025,A,200,8:45,8:50,738165,396168,465,239531,
Tuesday,6/25/2025,B,200,8:45,8:50,691125,374182,465,239531,
Peter,6/26/2025,A,200,9:45,9:53,92175.55,53437.06,582,235691,
Peter,6/26/2025,B,200,9:45,9:53,90177.35,51674.95,582,235691,
Paul,6/26/2025,A,200,9:45,9:53,63993.82,38862.09,582,235691,
Paul,6/26/2025,B,200,9:45,9:53,52956.02,32136.23,582,235691,
Tuesday,6/26/2025,A,200,9:45,9:53,642582,352071,582,235691,
Tuesday,6/26/2025,B,200,9:45,9:53,665004,365310,582,235691,
Peter,6/27/2025,A,200,9:45,9:53,91520.2,53455.24,582,235691,
Peter,6/27/2025,B,200,9:45,9:53,94288.78,55417.89,582,235691,
Paul,6/27/2025,A,200,9:45,9:53,63558.88,39188.45,582,235691,
Paul,6/27/2025,B,200,9:45,9:53,60874.8,37287.04,582,235691,
Tuesday,6/27/2025,A,200,9:45,9:53,795375,444048,582,235691,
Tuesday,6/27/2025,B,200,9:45,9:53,811242,453951,582,235691,
Peter,6/28/2025,A,200,9:45,9:53,58676.22,35471.18,582,235691,
Peter,6/28/2025,B,200,9:45,9:53,63700.02,38330.2,582,235691,
Paul,6/28/2025,A,200,9:45,9:53,51483.99,32257.48,582,235691,
Paul,6/28/2025,B,200,9:45,9:53,47922.59,29803.01,582,235691,
Tuesday,6/28/2025,A,200,9:45,9:53,606871,339314,582,235691,
Tuesday,6/28/2025,B,200,9:45,9:53,598040,337173,582,235691,
Peter,6/29/2025,A,200,9:24,9:40,67306.41,39438.85,406.45,235768.34,
Peter,6/29/2025,B,200,9:24,9:40,71090.8,41315.86,406.45,235768.34,
Paul,6/29/2025,A,200,9:24,9:40,66713.84,37834.79,406.45,235768.34,
Paul,6/29/2025,B,200,9:24,9:40,55505.93,32465.44,406.45,235768.34,
Tuesday,6/29/2025,A,200,9:24,9:40,496997.91,271443.44,406.45,235768.34,
Tuesday,6/29/2025,B,200,9:24,9:40,476232.94,259680.58,406.45,235768.34,
Peter,6/30/2025,A,200,9:24,9:40,81340.65,46623.5,406.45,235768.34,
Peter,6/30/2025,B,200,9:24,9:40,85489.23,48246.27,406.45,235768.34,
Paul,6/30/2025,A,200,9:24,9:40,41630.14,24916.96,406.45,235768.34,
Paul,6/30/2025,B,200,9:24,9:40,48171.48,28663.64,406.45,235768.34,
Tuesday,6/30/2025,A,200,9:24,9:40,539589.5,296033.5,406.45,235768.34,
Tuesday,6/30/2025,B,200,9:24,9:40,563339.19,307892.53,402.07,235814.05,
Peter,7/1/2025,A,200,8:47,8:47,64438.84,36252.04,452.28,238297,
Peter,7/1/2025,B,200,8:47,8:47,71383.87,40665.09,452.28,238297,
Paul,7/1/2025,A,200,8:47,8:47,52868.62,30823.41,452.28,238297,
Paul,7/1/2025,B,200,8:47,8:47,57429.32,33185.36,452.28,238297,
Tuesday,7/1/2025,A,200,8:47,8:47,463559,250527,452.28,238297,
Tuesday,7/1/2025,B,200,8:47,8:47,456253,242856,452.28,238297,
Peter,7/2/2025,A,200,8:47,8:47,66535.01,37108,452.28,238297,
Peter,7/2/2025,B,200,8:47,8:47,61767.85,35262.02,452.28,238297,
Paul,7/2/2025,A,200,8:47,8:47,49371.91,28703.97,452.28,238297,
Paul,7/2/2025,B,200,8:47,8:47,47162.02,27675.37,452.28,238297,
Tuesday,7/2/2025,A,200,8:47,8:47,400877,222806,452.28,238297,
Tuesday,7/2/2025,B,200,8:47,8:47,419280,236009,452.28,238297,
Peter,7/3/2025,A,200,8:47,8:47,50047.07,28834.03,452.28,238297,
Peter,7/3/2025,B,200,8:47,8:47,55303.46,31923.71,452.28,238297,
Paul,7/3/2025,A,200,8:47,8:47,50618.73,29418.91,452.28,238297,
Paul,7/3/2025,B,200,8:47,8:47,50944.65,30419.66,452.28,238297,
Tuesday,7/3/2025,A,200,8:47,8:47,421067,233592,452.28,238297,
Tuesday,7/3/2025,B,200,8:47,8:47,428759,248128,452.28,238297,
Peter,7/4/2025,A,200,9:47,9:47,69541.05,39940.41,383.99,231955,
Peter,7/4/2025,B,200,9:47,9:47,87203.13,51301.32,383.99,231955,
Paul,7/4/2025,A,200,9:47,9:47,45832.68,26505.63,383.99,231955,
Paul,7/4/2025,B,200,9:47,9:47,48159.66,28858.56,383.99,231955,
Tuesday,7/4/2025,A,200,9:47,9:47,481751,277549,383.99,231955,
Tuesday,7/4/2025,B,200,9:47,9:47,486438,282581,383.99,231955,
Peter,7/5/2025,A,200,9:47,9:47,65037.69,38499.94,383.99,231955,
Peter,7/5/2025,B,200,9:47,9:47,69494.62,41134.13,383.99,231955,
Paul,7/5/2025,A,200,9:47,9:47,53144.94,32012.43,383.99,231955,
Paul,7/5/2025,B,200,9:47,9:47,48144.57,29502.52,383.99,231955,
Tuesday,7/5/2025,A,200,9:47,9:47,531588,307588,383.99,231955,
Tuesday,7/5/2025,B,200,9:47,9:47,519865,298240,383.99,231955,
Peter,7/6/2025,A,200,9:15,9:15,83041.77,48676.59,490.78,239048,
Peter,7/6/2025,B,200,9:15,9:15,91837.2,53311.5,490.78,239048,
Paul,7/6/2025,A,200,9:15,9:15,74104.95,43899.02,490.78,239048,
Paul,7/6/2025,B,200,9:15,9:15,76184.44,45122.91,490.78,239048,
Tuesday,7/6/2025,A,200,9:15,9:15,724382,410907,490.78,239048,
Tuesday,7/6/2025,B,200,9:15,9:15,725261,421160,490.78,239048,
Peter,7/7/2025,A,200,9:15,9:15,72179.53,42533.91,490.78,239048,
Peter,7/7/2025,B,200,9:15,9:15,72327.83,44240.39,490.78,239048,
Paul,7/7/2025,A,200,9:15,9:15,56061.66,34007.85,490.78,239048,
Paul,7/7/2025,B,200,9:15,9:15,55734.81,34314.43,490.78,239048,
Tuesday,7/7/2025,A,200,9:15,9:15,555232,333561,490.78,239048,
Tuesday,7/7/2025,B,200,9:15,9:15,506713,306491,490.78,239048,
Peter,7/8/2025,A,200,9:45,9:45,59799.96,35045,420.91,234486,
Peter,7/8/2025,B,200,9:45,9:45,61127.28,36250,420.91,234486,
Paul,7/8/2025,A,200,9:45,9:45,56824.08,33593,420.91,234486,
Paul,7/8/2025,B,200,9:45,9:45,54899.08,32639,420.91,234486,
Tuesday,7/8/2025,A,200,9:45,9:45,425201,256761,420.91,234486,
Tuesday,7/8/2025,B,200,9:45,9:45,422432,250280,420.91,234486,
Peter,7/9/2025,A,200,9:45,9:45,68552.92,40331.04,420.91,234486,
Peter,7/9/2025,B,200,9:45,9:45,61774.67,36411.22,420.91,234486,
Paul,7/9/2025,A,200,9:45,9:45,80071.8,48826.42,420.91,234486,
Paul,7/9/2025,B,200,9:45,9:45,57860.47,34981.27,420.91,234486,
Tuesday,7/9/2025,A,200,9:45,9:45,382457,242193,420.91,234486,
Tuesday,7/9/2025,B,200,9:45,9:45,391683,245281,420.91,234486,
Peter,7/10/2025,A,200,9:45,9:45,79655.12,48236.54,420.91,234486,
Peter,7/10/2025,B,200,9:45,9:45,84321.62,49352.19,420.91,234486,
Paul,7/10/2025,A,200,9:45,9:45,80770.84,49310.68,420.91,234486,
Paul,7/10/2025,B,200,9:45,9:45,64621.65,39052.35,420.91,234486,
Tuesday,7/10/2025,A,200,9:45,9:45,249010,160678.69,420.91,234486,
Tuesday,7/10/2025,B,200,9:45,9:45,264020,169011.95,420.91,234486,
Peter,7/11/2025,A,200,10:58,10:58,53035.25,31670.01,440.57,232571,
Peter,7/11/2025,B,200,10:58,10:58,52902.02,31288.95,440.57,232571,
Paul,7/11/2025,A,200,10:58,10:58,49626.3,29618.99,440.57,232571,
Paul,7/11/2025,B,200,10:58,10:58,48108.48,28754.14,440.57,232571,
Tuesday,7/11/2025,A,200,10:58,10:58,229754,141889.23,440.57,232571,
Tuesday,7/11/2025,B,200,10:58,10:58,253060,158467.94,440.57,232571,
Peter,7/12/2025,A,200,10:58,10:58,74614.38,44121.46,440.57,232571,
Peter,7/12/2025,B,200,10:58,10:58,66680.89,38961.78,440.57,232571,
Paul,7/12/2025,A,200,10:58,10:58,56730.81,34062.84,440.57,232571,
Paul,7/12/2025,B,200,10:58,10:58,55721.91,33331.28,440.57,232571,
Tuesday,7/12/2025,A,200,10:58,10:58,286449,168305.39,440.57,232571,
Tuesday,7/12/2025,B,200,10:58,10:58,269055,160654.58,440.57,232571,
Peter,7/13/2025,A,200,8:45,8:50,56438.99,34387.94,442.49,233681.48,
Peter,7/13/2025,B,200,8:45,8:50,56893.27,34020.81,442.49,233681.48,
Paul,7/13/2025,A,200,8:45,8:50,51693.87,31783.63,442.49,233681.48,
Paul,7/13/2025,B,200,8:45,8:50,53694.43,32853.71,442.49,233681.48,
Tuesday,7/13/2025,A,200,8:45,8:50,270605,174259,442.49,233681.48,
Tuesday,7/13/2025,B,200,8:45,8:50,265599,169000,442.49,233681.48,
Peter,7/14/2025,A,200,8:45,8:50,66485.74,40163.6,442.49,233681,
Peter,7/14/2025,B,200,8:45,8:50,56919.02,34193.82,442.49,233681,
Paul,7/14/2025,A,200,8:45,8:50,46417.38,28429.33,442.49,233681,
Paul,7/14/2025,B,200,8:45,8:50,48307.55,29081.5,442.49,233681,
Tuesday,7/14/2025,A,200,8:45,8:50,446410,242670,442.49,233681,
Tuesday,7/14/2025,B,200,8:45,8:50,437844,253003,442.49,233681,
Peter,7/15/2025,A,200,9:45,9:50,57334.4,33508.66,392.48,233829,
Peter,7/15/2025,B,200,9:45,9:50,57826.05,32846.58,392.48,233829,
Paul,7/15/2025,A,200,9:45,9:50,59017.27,34267.7,392.48,233829,
Paul,7/15/2025,B,200,9:45,9:50,59929.38,34534.15,392.48,233829,
Tuesday,7/15/2025,A,200,9:45,9:50,294273,170212,392.48,233829,
Tuesday,7/15/2025,B,200,9:45,9:50,286797,162907,392.48,233829,
Peter,7/16/2025,A,200,9:45,9:50,97810.22,56058.84,392.48,233829,
Peter,7/16/2025,B,200,9:45,9:50,94768.54,55104.26,392.48,233829,
Paul,7/16/2025,A,200,9:45,9:50,68276.04,39596.76,392.48,233829,
Paul,7/16/2025,B,200,9:45,9:50,64479.47,37899.46,392.48,233829,
Tuesday,7/16/2025,A,200,9:45,9:50,405726,236094,392.48,233829,
Tuesday,7/16/2025,B,200,9:45,9:50,414905,238945,392.48,233829,
Peter,7/17/2025,A,200,10:45,10:45,68614.43,40423.21,406.16,233085,
Peter,7/17/2025,B,200,10:45,10:45,73430.09,43007.37,406.16,233085,
Paul,7/17/2025,A,200,10:45,10:45,62425.7,38399.91,406.16,233085,
Paul,7/17/2025,B,200,10:45,10:45,77406.48,45329.59,406.16,233085,
Tuesday,7/17/2025,A,200,10:45,10:45,351963,213528,406.16,233085,
Tuesday,7/17/2025,B,200,10:45,10:45,372334,227169,406.16,233085,
Peter,7/18/2025,A,200,10:45,10:45,98941.54,58802.83,406.16,233085,
Peter,7/18/2025,B,200,10:45,10:45,90913.09,54920.89,406.16,233085,
Paul,7/18/2025,A,200,10:45,10:45,63423.5,37825.93,406.16,233085,
Paul,7/18/2025,B,200,10:45,10:45,63840.36,39041.42,406.16,233085,
Tuesday,7/18/2025,A,200,10:45,10:45,365078,214272,406.16,233085,
Tuesday,7/18/2025,B,200,10:45,10:45,354240,209666,406.16,233085,
Peter,7/19/2025,A,200,10:45,10:45,87604.98,53446.05,406.16,233085,
Peter,7/19/2025,B,200,10:45,10:45,82409.91,49346.05,406.16,233085,
Paul,7/19/2025,A,200,10:45,10:45,56120.44,34163.81,406.16,233085,
Paul,7/19/2025,B,200,10:45,10:45,53629.24,33004.7,406.16,233085,
Tuesday,7/19/2025,A,200,10:45,10:45,361086,214932,406.16,233085,
Tuesday,7/19/2025,B,200,10:45,10:45,352666,212426,406.16,233085,
Peter,7/20/2025,A,200,8:35,8:35,63026.3,38991.51,451.91,232960,
Peter,7/20/2025,B,200,8:35,8:35,58732.07,36079.86,451.91,232960,
Paul,7/20/2025,A,200,8:35,8:35,59522.33,36111.66,451.91,232960,
Paul,7/20/2025,B,200,8:35,8:35,64851.88,40579.26,451.91,232960,
Tuesday,7/20/2025,A,200,8:35,8:35,330141,197760,451.91,232960,
Tuesday,7/20/2025,B,200,8:35,8:35,337175,202776,451.91,232960,
Peter,7/21/2025,A,200,9:20,9:20,80833.02,47957.11,480.65,240996,
Peter,7/21/2025,B,200,9:20,9:20,73968.3,44256.41,480.65,240996,
Paul,7/21/2025,A,200,9:20,9:20,65985.98,39636.78,480.65,240996,
Paul,7/21/2025,B,200,9:20,9:20,67885.69,40456.4,480.65,240996,
Tuesday,7/21/2025,A,200,9:20,9:20,350391,214439,480.65,240996,
Tuesday,7/21/2025,B,200,9:20,9:20,310841,190320,480.65,240996,
Peter,7/22/2025,A,200,10:28,10:15,56635.7,33900.71,471.45,233430,
Peter,7/22/2025,B,200,10:28,10:15,61732.46,38010.21,471.45,233430,
Paul,7/22/2025,A,200,10:28,10:15,71928.92,41960.17,471.45,233430,
Paul,7/22/2025,B,200,10:28,10:15,83831.09,49776.05,471.45,233430,
Tuesday,7/22/2025,A,200,10:28,10:15,358873,212081,471.45,233430,
Tuesday,7/22/2025,B,200,10:28,10:15,353820,206600,471.45,233430,
Peter,7/23/2025,A,200,8:35,8:40,99635.98,56645.07,400.27,237128.09,
Peter,7/23/2025,B,200,8:35,8:40,87825.05,50055.13,400.27,237128.09,
Paul,7/23/2025,A,200,8:35,8:40,99448.84,56269.32,400.27,237128.09,
Paul,7/23/2025,B,200,8:35,8:40,95847.75,53886.25,400.27,237128.09,
Tuesday,7/23/2025,A,200,8:35,8:40,600795.88,336060.22,400.27,237128.09,
Tuesday,7/23/2025,B,200,8:35,8:40,635977.19,352107.22,400.27,237128.09,
Peter,7/24/2025,A,200,8:35,8:40,100979.87,58358.94,400.27,237128.09,
Peter,7/24/2025,B,200,8:35,8:40,96672.8,57161.73,400.27,237128.09,
Paul,7/24/2025,A,200,8:35,8:40,117701.3,67923.49,400.27,237128.09,
Paul,7/24/2025,B,200,8:35,8:40,120694.48,68714.7,400.27,237128.09,
Tuesday,7/24/2025,A,200,8:35,8:40,667762.81,375116.53,400.27,237128.09,
Tuesday,7/24/2025,B,200,8:35,8:40,650484,371567.97,400.27,237128.09,
Peter,7/25/2025,A,200,8:35,8:40,50785.64,31595.52,400.27,237128.09,
Peter,7/25/2025,B,200,8:35,8:40,56113.58,34952.8,400.27,237128.09,
Paul,7/25/2025,A,200,8:35,8:40,92499.3,55278.45,400.27,237128.09,
Paul,7/25/2025,B,200,8:35,8:40,94471.39,56136.74,400.27,237128.09,
Tuesday,7/25/2025,A,200,8:35,8:40,638916.81,363878.28,400.27,237128.09,
Tuesday,7/25/2025,B,200,8:35,8:40,658292.69,373599.84,390.67,234749.94,
Peter,7/26/2025,A,200,9:47,9:40,61579.97,34541.8,404.84,235934.78,
Peter,7/26/2025,B,200,9:47,9:40,67217.66,37449.91,404.84,235934.78,
Paul,7/26/2025,A,200,9:47,9:40,74571.03,42579.66,404.84,235934.78,
Paul,7/26/2025,B,200,9:47,9:40,67446.97,37746.71,404.84,235934.78,
Tuesday,7/26/2025,A,200,9:47,9:40,581154.06,309253.59,404.84,235934.78,
Tuesday,7/26/2025,B,200,9:47,9:40,567072.75,306263.53,404.84,235934.78,
Peter,7/27/2025,A,200,9:47,9:40,48429.72,28095.7,404.84,235934.78,
Peter,7/27/2025,B,200,9:47,9:40,44300.12,25920.62,404.84,235934.78,
Paul,7/27/2025,A,200,9:47,9:40,59823.69,35199.62,404.84,235934.78,
Paul,7/27/2025,B,200,9:47,9:40,60835.27,35375.23,404.84,235934.78,
Tuesday,7/27/2025,A,200,9:47,9:40,620835.94,341002.94,404.84,235934.78,
Tuesday,7/27/2025,B,200,9:47,9:40,640562.06,352239.47,402.73,233183.69,
Peter,7/28/2025,A,200,9:00,9:15,57354.4,34898.56,437.17,230708.69,
Peter,7/28/2025,B,200,9:00,9:15,57880.62,35202.45,437.17,230708.69,
Paul,7/28/2025,A,200,9:00,9:15,81991.5,48384.89,437.17,230708.69,
Paul,7/28/2025,B,200,9:00,9:15,92785,55130.27,437.17,230708.69,
Tuesday,7/28/2025,A,200,9:00,9:15,381778.44,216187.45,437.17,230708.69,
Tuesday,7/28/2025,B,200,9:00,9:15,405555.72,227907.12,400.55,229588.75,
Peter,7/29/2025,A,200,9:56,10:30,61715.68,35436.34,372.34,231884.8,
Peter,7/29/2025,B,200,9:56,10:30,67173.65,39076.38,372.34,231884.8,
Paul,7/29/2025,A,200,9:56,10:30,68491.07,39606.04,372.34,231884.8,
Paul,7/29/2025,B,200,9:56,10:30,71873.54,42088.75,372.34,231884.8,
Tuesday,7/29/2025,A,200,9:56,10:30,381678,214222.59,372.34,231884.8,
Tuesday,7/29/2025,B,200,9:56,10:30,332976.16,180675.02,372.34,231884.8,
Peter,7/30/2025,A,200,8:45,8:45,60474.3,34717,372.34,231884.8,
Peter,7/30/2025,B,200,8:45,8:45,63307.05,38550.38,372.34,231884.8,
Paul,7/30/2025,A,200,8:45,8:45,70322.65,42222.62,372.34,231884.8,
Paul,7/30/2025,B,200,8:45,8:45,55379.29,32687.86,372.34,231884.8,
Tuesday,7/30/2025,A,200,8:45,8:45,459613.56,249373.39,372.34,231884.8,
Tuesday,7/30/2025,B,200,8:45,8:45,426811.91,234248.58,372.34,231884.8,
Peter,7/31/2025,A,200,8:45,8:45,72139.11,43517.21,372.34,231884.8,
Peter,7/31/2025,B,200,8:45,8:45,78692.7,47209.88,372.34,231884.8,
Paul,7/31/2025,A,200,8:45,8:45,52299.48,31527.06,372.34,231884.8,
Paul,7/31/2025,B,200,8:45,8:45,55492.58,33302.23,372.34,231884.8,
Tuesday,7/31/2025,A,200,8:45,8:45,332413.22,194620.8,372.34,231884.8,
Tuesday,7/31/2025,B,200,8:45,8:45,342733.06,200937.14,372.34,231884.8,
Peter,8/1/2025,A,200,8:45,8:45,96400.93,58421,372.34,231884.8,
Peter,8/1/2025,B,200,8:45,8:45,91327.23,85884.27,372.34,231884.8,
Paul,8/1/2025,A,200,8:45,8:45,61234.13,36965.16,372.34,231884.8,
Paul,8/1/2025,B,200,8:45,8:45,66805.81,40289.43,372.34,231884.8,
Tuesday,8/1/2025,A,200,8:45,8:45,352210.56,206871.84,372.34,231884.8,
Tuesday,8/1/2025,B,200,8:45,8:45,319187.53,187402.58,406.59,232987.86,
Peter,8/2/2025,A,200,9:15,9:28,53771.96,32588.6,411.37,230366.62,
Peter,8/2/2025,B,200,9:15,9:28,57766.94,34863.64,411.37,230366.62,
Paul,8/2/2025,A,200,9:15,9:28,61922.95,36570.16,411.37,230366.62,
Paul,8/2/2025,B,200,9:15,9:28,64940.32,38615.33,411.37,230366.62,
Tuesday,8/2/2025,A,200,9:15,9:28,332449.19,191580.08,411.37,230366.62,
Tuesday,8/2/2025,B,200,9:15,9:28,333903.16,193343.08,411.37,230366.62,
Peter,8/3/2025,A,200,8:44,8:45,51085.05,31737.96,450.55,236819.14,
Peter,8/3/2025,B,200,8:44,8:45,53242.28,32760.77,450.55,236819.14,
Paul,8/3/2025,A,200,8:44,8:45,64129.93,38316.49,450.55,236819.14,
Paul,8/3/2025,B,200,8:44,8:45,62806.32,37447.22,450.55,236819.14,
Tuesday,8/3/2025,A,200,8:44,8:45,346267.2,206663.39,450.55,236819.14,
Tuesday,8/3/2025,B,200,8:44,8:45,360063,211132.95,417.28,235165.53,
Peter,8/4/2025,A,200,9:15,9:28,62492.02,38579.07,411.37,230366.62,
Peter,8/4/2025,B,200,9:15,9:28,75483.87,44957.59,411.37,230366.62,
Paul,8/4/2025,A,200,9:15,9:28,59347.38,35669.32,411.37,230366.62,
Paul,8/4/2025,B,200,9:15,9:28,59531.29,36074.13,411.37,230366.62,
Tuesday,8/4/2025,A,200,9:15,9:28,280087.94,162948.03,411.37,230366.62,
Tuesday,8/4/2025,B,200,9:15,9:28,310684.97,180020.83,412.03,232500.39,
Peter,8/5/2025,A,200,10:15,10:32,72577.05,42231.64,442.67,231763,
Peter,8/5/2025,B,200,10:15,10:32,72802.95,42626.89,442.67,231763,
Paul,8/5/2025,A,200,10:15,10:32,70836.31,42022.67,442.67,231763,
Paul,8/5/2025,B,200,10:15,10:32,71834.48,43586.58,442.67,231763,
Tuesday,8/5/2025,A,200,10:15,10:32,263080,150606,442.67,231763,
Tuesday,8/5/2025,B,200,10:15,10:32,256372,148123,442.67,231763,
Peter,8/6/2025,A,200,10:15,10:32,85558,51239.49,445.64,234959,
Peter,8/6/2025,B,200,10:15,10:32,91624,53986.25,445.64,234959,
Paul,8/6/2025,A,200,10:15,10:32,61249,37102.26,445.64,234959,
Paul,8/6/2025,B,200,10:15,10:32,61010,36767.73,445.64,234959,
Tuesday,8/6/2025,A,200,10:15,10:32,330725,191253.09,445.64,234959,
Tuesday,8/6/2025,B,200,10:15,10:32,303146,178391.73,445.64,234959,
Peter,8/7/2025,A,200,10:15,11:00,109595,67678.7,397.46,234707,
Peter,8/7/2025,B,200,10:15,11:00,116628,68127.12,397.46,234707,
Paul,8/7/2025,A,200,10:15,11:00,77670.57,48213.5,397.46,234707,
Paul,8/7/2025,B,200,10:15,11:00,72928.3,44766.79,397.46,234707,
Tuesday,8/7/2025,A,200,10:15,11:00,332882,192952,397.46,234707,
Tuesday,8/7/2025,B,200,10:15,11:00,300342,175406,397.46,234707,
Peter,8/8/2025,A,200,10:15,11:00,99559.77,60717.46,397.46,234707,
Peter,8/8/2025,B,200,10:15,11:00,97606.7,59669.95,397.46,234707,
Paul,8/8/2025,A,200,10:15,11:00,69414.82,41748.63,397.46,234707,
Paul,8/8/2025,B,200,10:15,11:00,74255.06,44468.47,397.46,234707,
Tuesday,8/8/2025,A,200,10:15,11:00,278076,154437.58,397.46,234707,
Tuesday,8/8/2025,B,200,10:15,11:00,311908,175637,405.85,227760,
Peter,8/9/2025,A,200,8:40,9:35,106454,63000.61,433.25,231753,
Peter,8/9/2025,B,200,8:40,9:35,127125,74535.43,433.25,231753,
Paul,8/9/2025,A,200,8:40,9:35,78297.37,46278.01,433.25,231753,
Paul,8/9/2025,B,200,8:40,9:35,77496.51,46170.88,433.25,231753,
Tuesday,8/9/2025,A,200,8:40,9:35,412993,242730,433.25,231753,
Tuesday,8/9/2025,B,200,8:40,9:35,349564,195775,433.25,231753,
Peter,8/10/2025,A,200,8:40,9:35,127862,78259.84,433.25,231753,
Peter,8/10/2025,B,200,8:40,9:35,128526,79672.9,433.25,231753,
Paul,8/10/2025,A,200,8:40,9:35,93277.66,57549.05,433.25,231753,
Paul,8/10/2025,B,200,8:40,9:35,92938.01,56811.22,433.25,231753,
Tuesday,8/10/2025,A,200,8:40,9:35,381143,217674,433.25,231753,
Tuesday,8/10/2025,B,200,8:40,9:35,369217,213213,433.25,231753,
Peter,8/11/2025,A,200,8:40,9:35,98575.15,61870.21,433.25,231753,
Peter,8/11/2025,B,200,8:40,9:35,96090.69,59889.69,433.25,231753,
Paul,8/11/2025,A,200,8:40,9:35,82912.08,51441.74,433.25,231753,
Paul,8/11/2025,B,200,8:40,9:35,81537.38,49902.07,433.25,231753,
Tuesday,8/11/2025,A,200,8:40,9:35,358620,206366,433.25,231753,
Tuesday,8/11/2025,B,200,8:40,9:35,344436,196270,417.92,232693,
Peter,8/12/2025,A,200,8:40,9:01,111636.42,70305.37,406.2,231876,
Peter,8/12/2025,B,200,8:40,9:01,117778.48,74410.16,406.2,231876,
Paul,8/12/2025,A,200,8:40,9:01,80863.55,49676.63,406.2,231876,
Paul,8/12/2025,B,200,8:40,9:01,78128.99,48568.85,406.2,231876,
Tuesday,8/12/2025,A,200,8:40,9:01,340158,199016,406.2,231876,
Tuesday,8/12/2025,B,200,8:40,9:01,350736,200921,406.2,231876,
Peter,8/13/2025,A,200,9:00,9:00,104270,63864.84,408.29,236696,
Peter,8/13/2025,B,200,9:00,9:00,120380,74761.07,408.29,236696,
Paul,8/13/2025,A,200,9:00,9:00,72787.78,43171.68,408.29,236696,
Paul,8/13/2025,B,200,9:00,9:00,64314.33,38691.1,408.29,236696,
Tuesday,8/13/2025,A,200,9:00,9:00,303585,177861,408.29,236696,
Tuesday,8/13/2025,B,200,9:00,9:00,361821,190764,408.29,236696,
Peter,8/14/2025,A,200,9:00,9:00,114061,70072.65,408.29,236696,
Peter,8/14/2025,B,200,9:00,9:00,124008,75362.36,408.29,236696,
Paul,8/14/2025,A,200,9:00,9:00,76540.28,46973.91,408.29,236696,
Paul,8/14/2025,B,200,9:00,9:00,77770.16,46243.97,408.29,236696,
Tuesday,8/14/2025,A,200,9:00,9:00,347593,196553,408.29,236696,
Tuesday,8/14/2025,B,200,9:00,9:00,357726,203934,408.29,236696,
Peter,8/15/2025,A,200,9:00,9:00,91358.65,53438.86,408.29,236696,
Peter,8/15/2025,B,200,9:00,9:00,96799.12,59718.93,408.29,236696,
Paul,8/15/2025,A,200,9:00,9:00,70272.29,41801.93,408.29,236696,
Paul,8/15/2025,B,200,9:00,9:00,58485.72,34597.69,408.29,236696,
Tuesday,8/15/2025,A,200,9:00,9:00,289922,166702,408.29,236696,
Tuesday,8/15/2025,B,200,9:00,9:00,275982,159222,408.29,236696,
Peter,8/16/2025,A,200,9:00,9:00,100774,61632.43,419.83,237995,
Peter,8/16/2025,B,200,9:00,9:00,101789,62167.68,428.66,232190,
Paul,8/16/2025,A,200,9:00,9:00,95904.41,54397.4,428.66,232190,
Paul,8/16/2025,B,200,9:00,9:00,105782,62578.23,428.66,232190,
Tuesday,8/16/2025,A,200,9:00,9:00,284332,162642,428.66,232190,
Tuesday,8/16/2025,B,200,9:00,9:00,286916,161399,428.66,232190,
Peter,8/17/2025,A,200,8:50,9:00,103283,62592.79,429.77,236083,
Peter,8/17/2025,B,200,8:50,9:00,103205,62903.74,429.77,236083,
Paul,8/17/2025,A,200,8:50,9:00,82328.23,48118.88,429.77,236083,
Paul,8/17/2025,B,200,8:50,9:00,81856.98,47325.54,429.77,236083,
Tuesday,8/17/2025,A,200,8:50,9:00,313842,176486.23,429.77,236083,
Tuesday,8/17/2025,B,200,8:50,9:00,304432,174077.22,429.77,236083,
Peter,8/18/2025,A,200,9:30,9:45,131798.86,57484.44,386.18,230779.27,
Peter,8/18/2025,B,200,9:30,9:45,133555.98,81153.4,386.18,230779.27,
Paul,8/18/2025,A,200,9:30,9:45,67889.8,40729.57,386.18,230779.27,
Paul,8/18/2025,B,200,9:30,9:45,68496.66,42095.05,386.18,230779.27,
Tuesday,8/18/2025,A,200,9:30,9:45,306209,184315.08,386.18,230779.27,
Tuesday,8/18/2025,B,200,9:30,9:45,253371.41,152215.91,386.18,230779.27,
Peter,8/19/2025,A,200,9:00,8:50,143289,86655,404.41,234037,
Peter,8/19/2025,B,200,9:00,8:50,145421,84403,404.41,234037,
Paul,8/19/2025,A,200,9:00,8:50,85521.94,49523,404.41,234037,
Paul,8/19/2025,B,200,9:00,8:50,71767.2,41497,404.41,234037,
Tuesday,8/19/2025,A,200,9:00,8:50,325785,189129,404.41,234037,
Tuesday,8/19/2025,B,200,9:00,8:50,328410,190959,404.41,234037,
Peter,8/20/2025,A,200,9:00,9:00,124441,74014,404.41,234037,
Peter,8/20/2025,B,200,9:00,9:00,123681,73648,404.41,234037,
Paul,8/20/2025,A,200,9:00,9:00,107083,60456,404.41,234037,
Paul,8/20/2025,B,200,9:00,9:00,100631,57630,404.41,234037,
Tuesday,8/20/2025,A,200,9:00,9:00,357175,201775,404.41,234037,
Tuesday,8/20/2025,B,200,9:00,9:00,366929,210102,404.41,234037,
Peter,8/21/2025,A,200,9:00,9:00,121049,72467,404.41,234037,
Peter,8/21/2025,B,200,9:00,9:00,124328,74178,404.41,234037,
Paul,8/21/2025,A,200,9:00,9:00,91436,52974,404.41,234037,
Paul,8/21/2025,B,200,9:00,9:00,84811,48596,404.41,234037,
Tuesday,8/21/2025,A,200,9:00,9:00,252915,149240,404.41,234037,
Tuesday,8/21/2025,B,200,9:00,9:00,275096,158553,404.41,234037,
Peter,8/22/2025,A,200,9:00,8:50,72576,44504,404.41,234037,
Peter,8/22/2025,B,200,9:00,8:50,76363,46725,404.41,234037,
Paul,8/22/2025,A,200,9:00,8:50,62054,36945,404.41,234037,
Paul,8/22/2025,B,200,9:00,8:50,64493,38472,404.41,234037,
Tuesday,8/22/2025,A,200,9:00,8:50,221032,130922,404.41,234037,
Tuesday,8/22/2025,B,200,9:00,8:50,236178,137941,404.41,234037,
