"lake","year","doy","cumulative.load","daily.load"
"L",2013,140,0.3,0.3
"L",2013,141,0.6,0.3
"L",2013,142,0.9,0.3
"L",2013,143,1.2,0.3
"L",2013,144,1.5,0.3
"L",2013,145,1.8,0.3
"L",2013,146,2.1,0.3
"L",2013,147,2.4,0.3
"L",2013,148,2.7,0.3
"L",2013,149,3,0.3
"L",2013,150,3.3,0.3
"L",2013,151,3.6,0.3
"L",2013,152,3.9,0.3
"L",2013,153,4.2,0.3
"L",2013,154,4.5,0.3
"L",2013,155,4.8,0.3
"L",2013,156,5.1,0.3
"L",2013,157,5.4,0.3
"L",2013,158,5.7,0.3
"L",2013,159,6,0.3
"L",2013,160,6.3,0.3
"L",2013,161,6.6,0.3
"L",2013,162,6.9,0.3
"L",2013,163,7.2,0.3
"L",2013,164,7.5,0.3
"L",2013,165,7.8,0.3
"L",2013,166,8.1,0.3
"L",2013,167,8.4,0.3
"L",2013,168,8.7,0.3
"L",2013,169,9,0.3
"L",2013,170,9.3,0.3
"L",2013,171,9.6,0.3
"L",2013,172,9.9,0.3
"L",2013,173,10.2,0.3
"L",2013,174,10.5,0.3
"L",2013,175,10.8,0.3
"L",2013,176,11.1,0.3
"L",2013,177,11.4,0.3
"L",2013,178,11.7,0.3
"L",2013,179,12,0.3
"L",2013,180,12.3,0.3
"L",2013,181,12.6,0.3
"L",2013,182,12.9,0.3
"L",2013,183,13.2,0.3
"L",2013,184,13.5,0.3
"L",2013,185,13.8,0.3
"L",2013,186,14.1,0.3
"L",2013,187,14.4,0.3
"L",2013,188,14.7,0.3
"L",2013,189,15,0.3
"L",2013,190,15.3,0.3
"L",2013,191,15.6,0.3
"L",2013,192,15.9,0.3
"L",2013,193,16.2,0.3
"L",2013,194,16.5,0.3
"L",2013,195,16.8,0.3
"L",2013,196,17.1,0.3
"L",2013,197,17.4,0.3
"L",2013,198,17.7,0.3
"L",2013,199,18,0.3
"L",2013,200,18.3,0.3
"L",2013,201,18.6,0.3
"L",2013,202,18.9,0.3
"L",2013,203,19.2,0.3
"L",2013,204,19.5,0.3
"L",2013,205,19.8,0.3
"L",2013,206,20.1,0.3
"L",2013,207,20.4,0.3
"L",2013,208,20.7,0.3
"L",2013,209,21,0.3
"L",2013,210,21.3,0.3
"L",2013,211,21.6,0.3
"L",2013,212,21.9,0.3
"L",2013,213,22.2,0.3
"L",2013,214,22.5,0.3
"L",2013,215,22.8,0.3
"L",2013,216,23.1,0.3
"L",2013,217,23.4,0.3
"L",2013,218,23.7,0.3
"L",2013,219,24,0.3
"L",2013,220,24.3,0.3
"L",2013,221,24.6,0.3
"L",2013,222,24.9,0.3
"L",2013,223,25.2,0.3
"L",2013,224,25.5,0.3
"L",2013,225,25.8,0.3
"L",2013,226,26.1,0.3
"L",2013,227,26.4,0.3
"L",2013,228,26.7,0.3
"L",2013,229,27,0.3
"L",2013,230,27.3,0.3
"L",2013,231,27.6,0.3
"L",2013,232,27.9,0.3
"L",2013,233,28.2,0.3
"L",2013,234,28.5,0.3
"L",2013,235,28.8,0.3
"L",2013,236,29.1,0.3
"L",2013,237,29.4,0.3
"L",2013,238,29.7,0.3
"L",2013,239,30,0.3
"L",2013,240,30.3,0.3
"L",2013,241,30.6,0.3
"L",2013,242,30.9,0.3
"L",2013,243,31.2,0.3
"L",2013,244,31.5,0.3
"L",2013,245,31.8,0.3
"L",2013,246,32.1,0.3
"L",2013,247,32.4,0.3
"L",2013,248,32.7,0.3
"L",2013,249,33,0.3
"L",2013,250,33.3,0.3
"L",2014,140,0.3,0.3
"L",2014,141,0.6,0.3
"L",2014,142,0.9,0.3
"L",2014,143,1.2,0.3
"L",2014,144,1.5,0.3
"L",2014,145,1.8,0.3
"L",2014,146,2.1,0.3
"L",2014,147,2.4,0.3
"L",2014,148,2.7,0.3
"L",2014,149,3,0.3
"L",2014,150,3.3,0.3
"L",2014,151,3.6,0.3
"L",2014,152,3.9,0.3
"L",2014,153,4.2,0.3
"L",2014,154,4.5,0.3
"L",2014,155,4.8,0.3
"L",2014,156,5.1,0.3
"L",2014,157,5.4,0.3
"L",2014,158,5.7,0.3
"L",2014,159,6,0.3
"L",2014,160,6.3,0.3
"L",2014,161,6.6,0.3
"L",2014,162,6.9,0.3
"L",2014,163,7.2,0.3
"L",2014,164,7.5,0.3
"L",2014,165,7.8,0.3
"L",2014,166,8.1,0.3
"L",2014,167,8.4,0.3
"L",2014,168,8.7,0.3
"L",2014,169,9,0.3
"L",2014,170,9.3,0.3
"L",2014,171,9.6,0.3
"L",2014,172,9.9,0.3
"L",2014,173,10.2,0.3
"L",2014,174,10.5,0.3
"L",2014,175,10.8,0.3
"L",2014,176,11.1,0.3
"L",2014,177,11.4,0.3
"L",2014,178,11.7,0.3
"L",2014,179,12,0.3
"L",2014,180,12.3,0.3
"L",2014,181,12.6,0.3
"L",2014,182,12.9,0.3
"L",2014,183,13.2,0.3
"L",2014,184,13.5,0.3
"L",2014,185,13.8,0.3
"L",2014,186,14.1,0.3
"L",2014,187,14.4,0.3
"L",2014,188,14.7,0.3
"L",2014,189,15,0.3
"L",2014,190,15.3,0.3
"L",2014,191,15.6,0.3
"L",2014,192,15.9,0.3
"L",2014,193,16.2,0.3
"L",2014,194,16.5,0.3
"L",2014,195,16.8,0.3
"L",2014,196,17.1,0.3
"L",2014,197,17.4,0.3
"L",2014,198,17.7,0.3
"L",2014,199,18,0.3
"L",2014,200,18.3,0.3
"L",2014,201,18.6,0.3
"L",2014,202,18.9,0.3
"L",2014,203,19.2,0.3
"L",2014,204,19.5,0.3
"L",2014,205,19.8,0.3
"L",2014,206,20.1,0.3
"L",2014,207,20.4,0.3
"L",2014,208,20.7,0.3
"L",2014,209,21,0.3
"L",2014,210,21.3,0.3
"L",2014,211,21.6,0.3
"L",2014,212,21.9,0.3
"L",2014,213,22.2,0.3
"L",2014,214,22.5,0.3
"L",2014,215,22.8,0.3
"L",2014,216,23.1,0.3
"L",2014,217,23.4,0.3
"L",2014,218,23.7,0.3
"L",2014,219,24,0.3
"L",2014,220,24.3,0.3
"L",2014,221,24.6,0.3
"L",2014,222,24.9,0.3
"L",2014,223,25.2,0.3
"L",2014,224,25.5,0.3
"L",2014,225,25.8,0.3
"L",2014,226,26.1,0.3
"L",2014,227,26.4,0.3
"L",2014,228,26.7,0.3
"L",2014,229,27,0.3
"L",2014,230,27.3,0.3
"L",2014,231,27.6,0.3
"L",2014,232,27.9,0.3
"L",2014,233,28.2,0.3
"L",2014,234,28.5,0.3
"L",2014,235,28.8,0.3
"L",2014,236,29.1,0.3
"L",2014,237,29.4,0.3
"L",2014,238,29.7,0.3
"L",2014,239,30,0.3
"L",2014,240,30.3,0.3
"L",2014,241,30.6,0.3
"L",2014,242,30.9,0.3
"L",2014,243,31.2,0.3
"L",2014,244,31.5,0.3
"L",2014,245,31.8,0.3
"L",2014,246,32.1,0.3
"L",2014,247,32.4,0.3
"L",2014,248,32.7,0.3
"L",2014,249,33,0.3
"L",2014,250,33.3,0.3
"L",2015,140,0.3,0.3
"L",2015,141,0.6,0.3
"L",2015,142,0.9,0.3
"L",2015,143,1.2,0.3
"L",2015,144,1.5,0.3
"L",2015,145,1.8,0.3
"L",2015,146,2.1,0.3
"L",2015,147,2.4,0.3
"L",2015,148,2.7,0.3
"L",2015,149,3,0.3
"L",2015,150,3.3,0.3
"L",2015,151,3.6,0.3
"L",2015,152,3.9,0.3
"L",2015,153,4.2,0.3
"L",2015,154,4.5,0.3
"L",2015,155,4.8,0.3
"L",2015,156,5.1,0.3
"L",2015,157,5.4,0.3
"L",2015,158,5.7,0.3
"L",2015,159,6,0.3
"L",2015,160,6.3,0.3
"L",2015,161,6.6,0.3
"L",2015,162,6.9,0.3
"L",2015,163,7.2,0.3
"L",2015,164,7.5,0.3
"L",2015,165,7.8,0.3
"L",2015,166,8.1,0.3
"L",2015,167,8.4,0.3
"L",2015,168,8.7,0.3
"L",2015,169,9,0.3
"L",2015,170,9.3,0.3
"L",2015,171,9.6,0.3
"L",2015,172,9.9,0.3
"L",2015,173,10.2,0.3
"L",2015,174,10.5,0.3
"L",2015,175,10.8,0.3
"L",2015,176,11.1,0.3
"L",2015,177,11.4,0.3
"L",2015,178,11.7,0.3
"L",2015,179,12,0.3
"L",2015,180,12.3,0.3
"L",2015,181,12.6,0.3
"L",2015,182,12.9,0.3
"L",2015,183,13.2,0.3
"L",2015,184,13.5,0.3
"L",2015,185,13.8,0.3
"L",2015,186,14.1,0.3
"L",2015,187,14.4,0.3
"L",2015,188,14.7,0.3
"L",2015,189,15,0.3
"L",2015,190,15.3,0.3
"L",2015,191,15.6,0.3
"L",2015,192,15.9,0.3
"L",2015,193,16.2,0.3
"L",2015,194,16.5,0.3
"L",2015,195,16.8,0.3
"L",2015,196,17.1,0.3
"L",2015,197,17.4,0.3
"L",2015,198,17.7,0.3
"L",2015,199,18,0.3
"L",2015,200,18.3,0.3
"L",2015,201,18.6,0.3
"L",2015,202,18.9,0.3
"L",2015,203,19.2,0.3
"L",2015,204,19.5,0.3
"L",2015,205,19.8,0.3
"L",2015,206,20.1,0.3
"L",2015,207,20.4,0.3
"L",2015,208,20.7,0.3
"L",2015,209,21,0.3
"L",2015,210,21.3,0.3
"L",2015,211,21.6,0.3
"L",2015,212,21.9,0.3
"L",2015,213,22.2,0.3
"L",2015,214,22.5,0.3
"L",2015,215,22.8,0.3
"L",2015,216,23.1,0.3
"L",2015,217,23.4,0.3
"L",2015,218,23.7,0.3
"L",2015,219,24,0.3
"L",2015,220,24.3,0.3
"L",2015,221,24.6,0.3
"L",2015,222,24.9,0.3
"L",2015,223,25.2,0.3
"L",2015,224,25.5,0.3
"L",2015,225,25.8,0.3
"L",2015,226,26.1,0.3
"L",2015,227,26.4,0.3
"L",2015,228,26.7,0.3
"L",2015,229,27,0.3
"L",2015,230,27.3,0.3
"L",2015,231,27.6,0.3
"L",2015,232,27.9,0.3
"L",2015,233,28.2,0.3
"L",2015,234,28.5,0.3
"L",2015,235,28.8,0.3
"L",2015,236,29.1,0.3
"L",2015,237,29.4,0.3
"L",2015,238,29.7,0.3
"L",2015,239,30,0.3
"L",2015,240,30.3,0.3
"L",2015,241,30.6,0.3
"L",2015,242,30.9,0.3
"L",2015,243,31.2,0.3
"L",2015,244,31.5,0.3
"L",2015,245,31.8,0.3
"L",2015,246,32.1,0.3
"L",2015,247,32.4,0.3
"L",2015,248,32.7,0.3
"L",2015,249,33,0.3
"L",2015,250,33.3,0.3
"L",2024,140,0.3,0.3
"L",2024,141,0.6,0.3
"L",2024,142,0.9,0.3
"L",2024,143,1.2,0.3
"L",2024,144,1.5,0.3
"L",2024,145,1.8,0.3
"L",2024,146,2.1,0.3
"L",2024,147,2.4,0.3
"L",2024,148,2.7,0.3
"L",2024,149,3,0.3
"L",2024,150,3.3,0.3
"L",2024,151,3.6,0.3
"L",2024,152,3.9,0.3
"L",2024,153,4.2,0.3
"L",2024,154,4.5,0.3
"L",2024,155,4.8,0.3
"L",2024,156,5.1,0.3
"L",2024,157,5.4,0.3
"L",2024,158,5.7,0.3
"L",2024,159,6,0.3
"L",2024,160,6.3,0.3
"L",2024,161,6.6,0.3
"L",2024,162,6.9,0.3
"L",2024,163,7.2,0.3
"L",2024,164,7.5,0.3
"L",2024,165,7.8,0.3
"L",2024,166,8.1,0.3
"L",2024,167,8.4,0.3
"L",2024,168,8.7,0.3
"L",2024,169,9,0.3
"L",2024,170,9.3,0.3
"L",2024,171,9.6,0.3
"L",2024,172,9.9,0.3
"L",2024,173,10.2,0.3
"L",2024,174,10.5,0.3
"L",2024,175,10.8,0.3
"L",2024,176,11.1,0.3
"L",2024,177,11.4,0.3
"L",2024,178,11.7,0.3
"L",2024,179,12,0.3
"L",2024,180,12.3,0.3
"L",2024,181,12.6,0.3
"L",2024,182,12.9,0.3
"L",2024,183,13.2,0.3
"L",2024,184,13.5,0.3
"L",2024,185,13.8,0.3
"L",2024,186,14.1,0.3
"L",2024,187,14.4,0.3
"L",2024,188,14.7,0.3
"L",2024,189,15,0.3
"L",2024,190,15.3,0.3
"L",2024,191,15.6,0.3
"L",2024,192,15.9,0.3
"L",2024,193,16.2,0.3
"L",2024,194,16.5,0.3
"L",2024,195,16.8,0.3
"L",2024,196,17.1,0.3
"L",2024,197,17.4,0.3
"L",2024,198,17.7,0.3
"L",2024,199,18,0.3
"L",2024,200,18.3,0.3
"L",2024,201,18.6,0.3
"L",2024,202,18.9,0.3
"L",2024,203,19.2,0.3
"L",2024,204,19.5,0.3
"L",2024,205,19.8,0.3
"L",2024,206,20.1,0.3
"L",2024,207,20.4,0.3
"L",2024,208,20.7,0.3
"L",2024,209,21,0.3
"L",2024,210,21.3,0.3
"L",2024,211,21.6,0.3
"L",2024,212,21.9,0.3
"L",2024,213,22.2,0.3
"L",2024,214,22.5,0.3
"L",2024,215,22.8,0.3
"L",2024,216,23.1,0.3
"L",2024,217,23.4,0.3
"L",2024,218,23.7,0.3
"L",2024,219,24,0.3
"L",2024,220,24.3,0.3
"L",2024,221,24.6,0.3
"L",2024,222,24.9,0.3
"L",2024,223,25.2,0.3
"L",2024,224,25.5,0.3
"L",2024,225,25.8,0.3
"L",2024,226,26.1,0.3
"L",2024,227,26.4,0.3
"L",2024,228,26.7,0.3
"L",2024,229,27,0.3
"L",2024,230,27.3,0.3
"L",2024,231,27.6,0.3
"L",2024,232,27.9,0.3
"L",2024,233,28.2,0.3
"L",2024,234,28.5,0.3
"L",2024,235,28.8,0.3
"L",2024,236,29.1,0.3
"L",2024,237,29.4,0.3
"L",2024,238,29.7,0.3
"L",2024,239,30,0.3
"L",2024,240,30.3,0.3
"L",2024,241,30.6,0.3
"L",2024,242,30.9,0.3
"L",2024,243,31.2,0.3
"L",2024,244,31.5,0.3
"L",2024,245,31.8,0.3
"L",2024,246,32.1,0.3
"L",2024,247,32.4,0.3
"L",2024,248,32.7,0.3
"L",2024,249,33,0.3
"L",2024,250,33.3,0.3
"L",2025,140,0.3,0.3
"L",2025,141,0.6,0.3
"L",2025,142,0.9,0.3
"L",2025,143,1.2,0.3
"L",2025,144,1.5,0.3
"L",2025,145,1.8,0.3
"L",2025,146,2.1,0.3
"L",2025,147,2.4,0.3
"L",2025,148,2.7,0.3
"L",2025,149,3,0.3
"L",2025,150,3.3,0.3
"L",2025,151,3.6,0.3
"L",2025,152,3.9,0.3
"L",2025,153,4.2,0.3
"L",2025,154,4.5,0.3
"L",2025,155,4.8,0.3
"L",2025,156,5.1,0.3
"L",2025,157,5.4,0.3
"L",2025,158,5.7,0.3
"L",2025,159,6,0.3
"L",2025,160,6.3,0.3
"L",2025,161,6.6,0.3
"L",2025,162,6.9,0.3
"L",2025,163,7.2,0.3
"L",2025,164,7.5,0.3
"L",2025,165,7.8,0.3
"L",2025,166,8.1,0.3
"L",2025,167,8.4,0.3
"L",2025,168,8.7,0.3
"L",2025,169,9,0.3
"L",2025,170,9.3,0.3
"L",2025,171,9.6,0.3
"L",2025,172,9.9,0.3
"L",2025,173,10.2,0.3
"L",2025,174,10.5,0.3
"L",2025,175,10.8,0.3
"L",2025,176,11.1,0.3
"L",2025,177,11.4,0.3
"L",2025,178,11.7,0.3
"L",2025,179,12,0.3
"L",2025,180,12.3,0.3
"L",2025,181,12.6,0.3
"L",2025,182,12.9,0.3
"L",2025,183,13.2,0.3
"L",2025,184,13.5,0.3
"L",2025,185,13.8,0.3
"L",2025,186,14.1,0.3
"L",2025,187,14.4,0.3
"L",2025,188,14.7,0.3
"L",2025,189,15,0.3
"L",2025,190,15.3,0.3
"L",2025,191,15.6,0.3
"L",2025,192,15.9,0.3
"L",2025,193,16.2,0.3
"L",2025,194,16.5,0.3
"L",2025,195,16.8,0.3
"L",2025,196,17.1,0.3
"L",2025,197,17.4,0.3
"L",2025,198,17.7,0.3
"L",2025,199,18,0.3
"L",2025,200,18.3,0.3
"L",2025,201,18.6,0.3
"L",2025,202,18.9,0.3
"L",2025,203,19.2,0.3
"L",2025,204,19.5,0.3
"L",2025,205,19.8,0.3
"L",2025,206,20.1,0.3
"L",2025,207,20.4,0.3
"L",2025,208,20.7,0.3
"L",2025,209,21,0.3
"L",2025,210,21.3,0.3
"L",2025,211,21.6,0.3
"L",2025,212,21.9,0.3
"L",2025,213,22.2,0.3
"L",2025,214,22.5,0.3
"L",2025,215,22.8,0.3
"L",2025,216,23.1,0.3
"L",2025,217,23.4,0.3
"L",2025,218,23.7,0.3
"L",2025,219,24,0.3
"L",2025,220,24.3,0.3
"L",2025,221,24.6,0.3
"L",2025,222,24.9,0.3
"L",2025,223,25.2,0.3
"L",2025,224,25.5,0.3
"L",2025,225,25.8,0.3
"L",2025,226,26.1,0.3
"L",2025,227,26.4,0.3
"L",2025,228,26.7,0.3
"L",2025,229,27,0.3
"L",2025,230,27.3,0.3
"L",2025,231,27.6,0.3
"L",2025,232,27.9,0.3
"L",2025,233,28.2,0.3
"L",2025,234,28.5,0.3
"L",2025,235,28.8,0.3
"L",2025,236,29.1,0.3
"L",2025,237,29.4,0.3
"L",2025,238,29.7,0.3
"L",2025,239,30,0.3
"L",2025,240,30.3,0.3
"L",2025,241,30.6,0.3
"L",2025,242,30.9,0.3
"L",2025,243,31.2,0.3
"L",2025,244,31.5,0.3
"L",2025,245,31.8,0.3
"L",2025,246,32.1,0.3
"L",2025,247,32.4,0.3
"L",2025,248,32.7,0.3
"L",2025,249,33,0.3
"L",2025,250,33.3,0.3
"R",2013,140,0.3,0.3
"R",2013,141,0.6,0.3
"R",2013,142,0.9,0.3
"R",2013,143,1.2,0.3
"R",2013,144,1.5,0.3
"R",2013,145,1.8,0.3
"R",2013,146,2.1,0.3
"R",2013,147,2.4,0.3
"R",2013,148,2.7,0.3
"R",2013,149,3,0.3
"R",2013,150,3.3,0.3
"R",2013,151,3.6,0.3
"R",2013,152,3.9,0.3
"R",2013,153,4.2,0.3
"R",2013,154,5,0.8
"R",2013,155,5.8,0.8
"R",2013,156,6.6,0.8
"R",2013,157,7.4,0.8
"R",2013,158,8.2,0.8
"R",2013,159,9,0.8
"R",2013,160,9.8,0.8
"R",2013,161,10.9125,1.1125
"R",2013,162,12.025,1.1125
"R",2013,163,13.1375,1.1125
"R",2013,164,14.25,1.1125
"R",2013,165,15.3625,1.1125
"R",2013,166,16.475,1.1125
"R",2013,167,17.5875,1.1125
"R",2013,168,19.0125,1.425
"R",2013,169,20.4375,1.425
"R",2013,170,21.8625,1.425
"R",2013,171,23.2875,1.425
"R",2013,172,24.7125,1.425
"R",2013,173,26.1375,1.425
"R",2013,174,27.5625,1.425
"R",2013,175,29.3,1.7375
"R",2013,176,31.0375,1.7375
"R",2013,177,32.775,1.7375
"R",2013,178,34.5125,1.7375
"R",2013,179,36.25,1.7375
"R",2013,180,37.9875,1.7375
"R",2013,181,39.725,1.7375
"R",2013,182,41.775,2.05
"R",2013,183,43.825,2.05
"R",2013,184,45.875,2.05
"R",2013,185,47.925,2.05
"R",2013,186,49.975,2.05
"R",2013,187,52.025,2.05
"R",2013,188,54.075,2.05
"R",2013,189,56.4375,2.3625
"R",2013,190,58.8,2.3625
"R",2013,191,61.1625,2.3625
"R",2013,192,63.525,2.3625
"R",2013,193,65.8875,2.3625
"R",2013,194,68.25,2.3625
"R",2013,195,70.6125,2.3625
"R",2013,196,73.2875,2.675
"R",2013,197,75.9625,2.675
"R",2013,198,78.6375,2.675
"R",2013,199,81.3125,2.675
"R",2013,200,83.9875,2.675
"R",2013,201,86.6625,2.675
"R",2013,202,89.3375,2.675
"R",2013,203,92.6375,3.3
"R",2013,204,95.9375,3.3
"R",2013,205,99.2375,3.3
"R",2013,206,102.5375,3.3
"R",2013,207,105.8375,3.3
"R",2013,208,109.1375,3.3
"R",2013,209,112.4375,3.3
"R",2013,210,116.3625,3.925
"R",2013,211,120.2875,3.925
"R",2013,212,124.2125,3.925
"R",2013,213,128.1375,3.925
"R",2013,214,132.0625,3.925
"R",2013,215,135.9875,3.925
"R",2013,216,139.9125,3.925
"R",2013,217,144.4625,4.55
"R",2013,218,149.0125,4.55
"R",2013,219,153.5625,4.55
"R",2013,220,158.1125,4.55
"R",2013,221,162.6625,4.55
"R",2013,222,167.2125,4.55
"R",2013,223,171.7625,4.55
"R",2013,224,176.9375,5.175
"R",2013,225,182.1125,5.175
"R",2013,226,187.2875,5.175
"R",2013,227,192.4625,5.175
"R",2013,228,197.6375,5.175
"R",2013,229,202.8125,5.175
"R",2013,230,207.9875,5.175
"R",2013,231,213.7875,5.8
"R",2013,232,219.5875,5.8
"R",2013,233,225.3875,5.8
"R",2013,234,231.1875,5.8
"R",2013,235,236.9875,5.8
"R",2013,236,242.7875,5.8
"R",2013,237,248.5875,5.8
"R",2013,238,248.8875,0.3
"R",2013,239,249.1875,0.3
"R",2013,240,249.4875,0.3
"R",2013,241,249.7875,0.3
"R",2013,242,250.0875,0.3
"R",2013,243,250.3875,0.3
"R",2013,244,250.6875,0.3
"R",2013,245,250.9875,0.3
"R",2013,246,251.2875,0.3
"R",2013,247,251.5875,0.3
"R",2013,248,251.8875,0.3
"R",2013,249,252.1875,0.3
"R",2013,250,252.4875,0.3
"R",2014,140,0.3,0.3
"R",2014,141,0.6,0.3
"R",2014,142,0.9,0.3
"R",2014,143,1.2,0.3
"R",2014,144,1.5,0.3
"R",2014,145,1.8,0.3
"R",2014,146,2.1,0.3
"R",2014,147,2.4,0.3
"R",2014,148,2.7,0.3
"R",2014,149,3,0.3
"R",2014,150,3.3,0.3
"R",2014,151,3.6,0.3
"R",2014,152,3.9,0.3
"R",2014,153,7.2,3.3
"R",2014,154,10.5,3.3
"R",2014,155,13.8,3.3
"R",2014,156,17.1,3.3
"R",2014,157,20.4,3.3
"R",2014,158,23.7,3.3
"R",2014,159,27,3.3
"R",2014,160,30.3,3.3
"R",2014,161,33.6,3.3
"R",2014,162,36.9,3.3
"R",2014,163,40.2,3.3
"R",2014,164,43.5,3.3
"R",2014,165,46.8,3.3
"R",2014,166,50.1,3.3
"R",2014,167,53.4,3.3
"R",2014,168,56.7,3.3
"R",2014,169,60,3.3
"R",2014,170,63.3,3.3
"R",2014,171,66.6,3.3
"R",2014,172,69.9,3.3
"R",2014,173,73.2,3.3
"R",2014,174,76.5,3.3
"R",2014,175,79.8,3.3
"R",2014,176,83.1,3.3
"R",2014,177,86.4,3.3
"R",2014,178,89.7,3.3
"R",2014,179,93,3.3
"R",2014,180,96.3,3.3
"R",2014,181,99.6,3.3
"R",2014,182,102.9,3.3
"R",2014,183,106.2,3.3
"R",2014,184,109.5,3.3
"R",2014,185,112.8,3.3
"R",2014,186,116.1,3.3
"R",2014,187,119.4,3.3
"R",2014,188,122.7,3.3
"R",2014,189,126,3.3
"R",2014,190,129.3,3.3
"R",2014,191,132.6,3.3
"R",2014,192,135.9,3.3
"R",2014,193,139.2,3.3
"R",2014,194,142.5,3.3
"R",2014,195,145.8,3.3
"R",2014,196,149.1,3.3
"R",2014,197,152.4,3.3
"R",2014,198,155.7,3.3
"R",2014,199,159,3.3
"R",2014,200,162.3,3.3
"R",2014,201,165.6,3.3
"R",2014,202,168.9,3.3
"R",2014,203,172.2,3.3
"R",2014,204,175.5,3.3
"R",2014,205,178.8,3.3
"R",2014,206,182.1,3.3
"R",2014,207,185.4,3.3
"R",2014,208,188.7,3.3
"R",2014,209,192,3.3
"R",2014,210,195.3,3.3
"R",2014,211,198.6,3.3
"R",2014,212,201.9,3.3
"R",2014,213,205.2,3.3
"R",2014,214,208.5,3.3
"R",2014,215,211.8,3.3
"R",2014,216,215.1,3.3
"R",2014,217,218.4,3.3
"R",2014,218,221.7,3.3
"R",2014,219,225,3.3
"R",2014,220,228.3,3.3
"R",2014,221,231.6,3.3
"R",2014,222,234.9,3.3
"R",2014,223,238.2,3.3
"R",2014,224,241.5,3.3
"R",2014,225,244.8,3.3
"R",2014,226,248.1,3.3
"R",2014,227,251.4,3.3
"R",2014,228,254.7,3.3
"R",2014,229,258,3.3
"R",2014,230,261.3,3.3
"R",2014,231,264.6,3.3
"R",2014,232,267.9,3.3
"R",2014,233,271.2,3.3
"R",2014,234,274.5,3.3
"R",2014,235,277.8,3.3
"R",2014,236,281.1,3.3
"R",2014,237,284.4,3.3
"R",2014,238,287.7,3.3
"R",2014,239,291,3.3
"R",2014,240,294.3,3.3
"R",2014,241,297.6,3.3
"R",2014,242,297.9,0.3
"R",2014,243,298.2,0.3
"R",2014,244,298.5,0.3
"R",2014,245,298.8,0.3
"R",2014,246,299.1,0.3
"R",2014,247,299.4,0.3
"R",2014,248,299.7,0.3
"R",2014,249,300,0.3
"R",2014,250,300.3,0.3
"R",2015,140,0.3,0.3
"R",2015,141,0.6,0.3
"R",2015,142,0.9,0.3
"R",2015,143,1.2,0.3
"R",2015,144,1.5,0.3
"R",2015,145,1.8,0.3
"R",2015,146,2.1,0.3
"R",2015,147,2.4,0.3
"R",2015,148,2.7,0.3
"R",2015,149,3,0.3
"R",2015,150,3.3,0.3
"R",2015,151,3.6,0.3
"R",2015,152,6.9,3.3
"R",2015,153,10.2,3.3
"R",2015,154,13.5,3.3
"R",2015,155,16.8,3.3
"R",2015,156,20.1,3.3
"R",2015,157,23.4,3.3
"R",2015,158,26.7,3.3
"R",2015,159,30,3.3
"R",2015,160,33.3,3.3
"R",2015,161,36.6,3.3
"R",2015,162,39.9,3.3
"R",2015,163,43.2,3.3
"R",2015,164,46.5,3.3
"R",2015,165,49.8,3.3
"R",2015,166,53.1,3.3
"R",2015,167,56.4,3.3
"R",2015,168,59.7,3.3
"R",2015,169,63,3.3
"R",2015,170,66.3,3.3
"R",2015,171,69.6,3.3
"R",2015,172,72.9,3.3
"R",2015,173,76.2,3.3
"R",2015,174,79.5,3.3
"R",2015,175,82.8,3.3
"R",2015,176,86.1,3.3
"R",2015,177,89.4,3.3
"R",2015,178,92.7,3.3
"R",2015,179,96,3.3
"R",2015,180,99.3,3.3
"R",2015,181,99.6,0.3
"R",2015,182,99.9,0.3
"R",2015,183,100.2,0.3
"R",2015,184,100.5,0.3
"R",2015,185,100.8,0.3
"R",2015,186,101.1,0.3
"R",2015,187,101.4,0.3
"R",2015,188,101.7,0.3
"R",2015,189,102,0.3
"R",2015,190,102.3,0.3
"R",2015,191,102.6,0.3
"R",2015,192,102.9,0.3
"R",2015,193,103.2,0.3
"R",2015,194,103.5,0.3
"R",2015,195,103.8,0.3
"R",2015,196,104.1,0.3
"R",2015,197,104.4,0.3
"R",2015,198,104.7,0.3
"R",2015,199,105,0.3
"R",2015,200,105.3,0.3
"R",2015,201,105.6,0.3
"R",2015,202,105.9,0.3
"R",2015,203,106.2,0.3
"R",2015,204,106.5,0.3
"R",2015,205,106.8,0.3
"R",2015,206,107.1,0.3
"R",2015,207,107.4,0.3
"R",2015,208,107.7,0.3
"R",2015,209,108,0.3
"R",2015,210,108.3,0.3
"R",2015,211,108.6,0.3
"R",2015,212,108.9,0.3
"R",2015,213,109.2,0.3
"R",2015,214,109.5,0.3
"R",2015,215,109.8,0.3
"R",2015,216,110.1,0.3
"R",2015,217,110.4,0.3
"R",2015,218,110.7,0.3
"R",2015,219,111,0.3
"R",2015,220,111.3,0.3
"R",2015,221,111.6,0.3
"R",2015,222,111.9,0.3
"R",2015,223,112.2,0.3
"R",2015,224,112.5,0.3
"R",2015,225,112.8,0.3
"R",2015,226,113.1,0.3
"R",2015,227,113.4,0.3
"R",2015,228,113.7,0.3
"R",2015,229,114,0.3
"R",2015,230,114.3,0.3
"R",2015,231,114.6,0.3
"R",2015,232,114.9,0.3
"R",2015,233,115.2,0.3
"R",2015,234,115.5,0.3
"R",2015,235,115.8,0.3
"R",2015,236,116.1,0.3
"R",2015,237,116.4,0.3
"R",2015,238,116.7,0.3
"R",2015,239,117,0.3
"R",2015,240,117.3,0.3
"R",2015,241,117.6,0.3
"R",2015,242,117.9,0.3
"R",2015,243,118.2,0.3
"R",2015,244,118.5,0.3
"R",2015,245,118.8,0.3
"R",2015,246,119.1,0.3
"R",2015,247,119.4,0.3
"R",2015,248,119.7,0.3
"R",2015,249,120,0.3
"R",2015,250,120.3,0.3
"R",2024,140,0.3,0.3
"R",2024,141,0.6,0.3
"R",2024,142,0.9,0.3
"R",2024,143,1.2,0.3
"R",2024,144,1.5,0.3
"R",2024,145,1.8,0.3
"R",2024,146,2.1,0.3
"R",2024,147,2.4,0.3
"R",2024,148,2.7,0.3
"R",2024,149,3,0.3
"R",2024,150,3.3,0.3
"R",2024,151,3.6,0.3
"R",2024,152,3.9,0.3
"R",2024,153,4.2,0.3
"R",2024,154,4.5,0.3
"R",2024,155,4.8,0.3
"R",2024,156,5.1,0.3
"R",2024,157,5.4,0.3
"R",2024,158,5.7,0.3
"R",2024,159,6,0.3
"R",2024,160,6.3,0.3
"R",2024,161,6.6,0.3
"R",2024,162,9.9,3.3
"R",2024,163,13.2,3.3
"R",2024,164,16.5,3.3
"R",2024,165,19.8,3.3
"R",2024,166,23.1,3.3
"R",2024,167,26.4,3.3
"R",2024,168,29.7,3.3
"R",2024,169,33,3.3
"R",2024,170,36.3,3.3
"R",2024,171,39.6,3.3
"R",2024,172,42.9,3.3
"R",2024,173,46.2,3.3
"R",2024,174,49.5,3.3
"R",2024,175,52.8,3.3
"R",2024,176,56.1,3.3
"R",2024,177,59.4,3.3
"R",2024,178,62.7,3.3
"R",2024,179,66,3.3
"R",2024,180,69.3,3.3
"R",2024,181,72.6,3.3
"R",2024,182,75.9,3.3
"R",2024,183,79.2,3.3
"R",2024,184,82.5,3.3
"R",2024,185,85.8,3.3
"R",2024,186,89.1,3.3
"R",2024,187,92.4,3.3
"R",2024,188,95.7,3.3
"R",2024,189,99,3.3
"R",2024,190,102.3,3.3
"R",2024,191,105.6,3.3
"R",2024,192,108.9,3.3
"R",2024,193,112.2,3.3
"R",2024,194,115.5,3.3
"R",2024,195,118.8,3.3
"R",2024,196,122.1,3.3
"R",2024,197,125.4,3.3
"R",2024,198,128.7,3.3
"R",2024,199,132,3.3
"R",2024,200,135.3,3.3
"R",2024,201,138.6,3.3
"R",2024,202,141.9,3.3
"R",2024,203,145.2,3.3
"R",2024,204,148.5,3.3
"R",2024,205,151.8,3.3
"R",2024,206,155.1,3.3
"R",2024,207,158.4,3.3
"R",2024,208,161.7,3.3
"R",2024,209,165,3.3
"R",2024,210,168.3,3.3
"R",2024,211,171.6,3.3
"R",2024,212,174.9,3.3
"R",2024,213,178.2,3.3
"R",2024,214,181.5,3.3
"R",2024,215,184.8,3.3
"R",2024,216,188.1,3.3
"R",2024,217,191.4,3.3
"R",2024,218,194.7,3.3
"R",2024,219,198,3.3
"R",2024,220,201.3,3.3
"R",2024,221,204.6,3.3
"R",2024,222,207.9,3.3
"R",2024,223,211.2,3.3
"R",2024,224,214.5,3.3
"R",2024,225,217.8,3.3
"R",2024,226,221.1,3.3
"R",2024,227,224.4,3.3
"R",2024,228,227.7,3.3
"R",2024,229,231,3.3
"R",2024,230,234.3,3.3
"R",2024,231,237.6,3.3
"R",2024,232,240.9,3.3
"R",2024,233,244.2,3.3
"R",2024,234,244.5,0.3
"R",2024,235,244.8,0.3
"R",2024,236,245.1,0.3
"R",2024,237,245.4,0.3
"R",2024,238,245.7,0.3
"R",2024,239,246,0.3
"R",2024,240,246.3,0.3
"R",2024,241,246.6,0.3
"R",2024,242,246.9,0.3
"R",2024,243,247.2,0.3
"R",2024,244,247.5,0.3
"R",2024,245,247.8,0.3
"R",2024,246,248.1,0.3
"R",2024,247,248.4,0.3
"R",2024,248,248.7,0.3
"R",2024,249,249,0.3
"R",2024,250,249.3,0.3
"R",2025,140,0.3,0.3
"R",2025,141,0.6,0.3
"R",2025,142,0.9,0.3
"R",2025,143,1.2,0.3
"R",2025,144,1.5,0.3
"R",2025,145,1.8,0.3
"R",2025,146,2.1,0.3
"R",2025,147,2.4,0.3
"R",2025,148,2.7,0.3
"R",2025,149,3,0.3
"R",2025,150,3.3,0.3
"R",2025,151,3.6,0.3
"R",2025,152,3.9,0.3
"R",2025,153,4.2,0.3
"R",2025,154,4.5,0.3
"R",2025,155,4.8,0.3
"R",2025,156,5.1,0.3
"R",2025,157,5.4,0.3
"R",2025,158,5.7,0.3
"R",2025,159,6,0.3
"R",2025,160,6.3,0.3
"R",2025,161,6.6,0.3
"R",2025,162,6.9,0.3
"R",2025,163,7.2,0.3
"R",2025,164,7.5,0.3
"R",2025,165,7.8,0.3
"R",2025,166,8.1,0.3
"R",2025,167,8.4,0.3
"R",2025,168,8.7,0.3
"R",2025,169,9,0.3
"R",2025,170,9.3,0.3
"R",2025,171,9.6,0.3
"R",2025,172,9.9,0.3
"R",2025,173,10.2,0.3
"R",2025,174,10.5,0.3
"R",2025,175,10.8,0.3
"R",2025,176,11.1,0.3
"R",2025,177,11.4,0.3
"R",2025,178,11.7,0.3
"R",2025,179,12,0.3
"R",2025,180,12.3,0.3
"R",2025,181,12.6,0.3
"R",2025,182,12.9,0.3
"R",2025,183,13.2,0.3
"R",2025,184,13.5,0.3
"R",2025,185,13.8,0.3
"R",2025,186,14.1,0.3
"R",2025,187,14.4,0.3
"R",2025,188,14.7,0.3
"R",2025,189,15,0.3
"R",2025,190,15.3,0.3
"R",2025,191,15.6,0.3
"R",2025,192,15.9,0.3
"R",2025,193,16.2,0.3
"R",2025,194,16.5,0.3
"R",2025,195,16.8,0.3
"R",2025,196,17.1,0.3
"R",2025,197,17.4,0.3
"R",2025,198,17.7,0.3
"R",2025,199,18,0.3
"R",2025,200,18.3,0.3
"R",2025,201,18.6,0.3
"R",2025,202,18.9,0.3
"R",2025,203,19.2,0.3
"R",2025,204,19.5,0.3
"R",2025,205,19.8,0.3
"R",2025,206,20.1,0.3
"R",2025,207,20.4,0.3
"R",2025,208,20.7,0.3
"R",2025,209,21,0.3
"R",2025,210,21.3,0.3
"R",2025,211,21.6,0.3
"R",2025,212,21.9,0.3
"R",2025,213,22.2,0.3
"R",2025,214,22.5,0.3
"R",2025,215,22.8,0.3
"R",2025,216,23.1,0.3
"R",2025,217,23.4,0.3
"R",2025,218,23.7,0.3
"R",2025,219,24,0.3
"R",2025,220,24.3,0.3
"R",2025,221,24.6,0.3
"R",2025,222,24.9,0.3
"R",2025,223,25.2,0.3
"R",2025,224,25.5,0.3
"R",2025,225,25.8,0.3
"R",2025,226,26.1,0.3
"R",2025,227,26.4,0.3
"R",2025,228,26.7,0.3
"R",2025,229,27,0.3
"R",2025,230,27.3,0.3
"R",2025,231,27.6,0.3
"R",2025,232,27.9,0.3
"R",2025,233,28.2,0.3
"R",2025,234,28.5,0.3
"R",2025,235,28.8,0.3
"R",2025,236,29.1,0.3
"R",2025,237,29.4,0.3
"R",2025,238,29.7,0.3
"R",2025,239,30,0.3
"R",2025,240,30.3,0.3
"R",2025,241,30.6,0.3
"R",2025,242,30.9,0.3
"R",2025,243,31.2,0.3
"R",2025,244,31.5,0.3
"R",2025,245,31.8,0.3
"R",2025,246,32.1,0.3
"R",2025,247,32.4,0.3
"R",2025,248,32.7,0.3
"R",2025,249,33,0.3
"R",2025,250,33.3,0.3
"T",2013,140,0.3,0.3
"T",2013,141,0.6,0.3
"T",2013,142,0.9,0.3
"T",2013,143,1.2,0.3
"T",2013,144,1.5,0.3
"T",2013,145,1.8,0.3
"T",2013,146,2.1,0.3
"T",2013,147,2.4,0.3
"T",2013,148,2.7,0.3
"T",2013,149,3,0.3
"T",2013,150,3.3,0.3
"T",2013,151,3.6,0.3
"T",2013,152,3.9,0.3
"T",2013,153,4.2,0.3
"T",2013,154,5,0.8
"T",2013,155,5.8,0.8
"T",2013,156,6.6,0.8
"T",2013,157,7.4,0.8
"T",2013,158,8.2,0.8
"T",2013,159,9,0.8
"T",2013,160,9.8,0.8
"T",2013,161,10.9125,1.1125
"T",2013,162,12.025,1.1125
"T",2013,163,13.1375,1.1125
"T",2013,164,14.25,1.1125
"T",2013,165,15.3625,1.1125
"T",2013,166,16.475,1.1125
"T",2013,167,17.5875,1.1125
"T",2013,168,19.0125,1.425
"T",2013,169,20.4375,1.425
"T",2013,170,21.8625,1.425
"T",2013,171,23.2875,1.425
"T",2013,172,24.7125,1.425
"T",2013,173,26.1375,1.425
"T",2013,174,27.5625,1.425
"T",2013,175,29.3,1.7375
"T",2013,176,31.0375,1.7375
"T",2013,177,32.775,1.7375
"T",2013,178,34.5125,1.7375
"T",2013,179,36.25,1.7375
"T",2013,180,37.9875,1.7375
"T",2013,181,39.725,1.7375
"T",2013,182,41.775,2.05
"T",2013,183,43.825,2.05
"T",2013,184,45.875,2.05
"T",2013,185,47.925,2.05
"T",2013,186,49.975,2.05
"T",2013,187,52.025,2.05
"T",2013,188,54.075,2.05
"T",2013,189,56.4375,2.3625
"T",2013,190,58.8,2.3625
"T",2013,191,61.1625,2.3625
"T",2013,192,63.525,2.3625
"T",2013,193,65.8875,2.3625
"T",2013,194,68.25,2.3625
"T",2013,195,70.6125,2.3625
"T",2013,196,73.2875,2.675
"T",2013,197,75.9625,2.675
"T",2013,198,78.6375,2.675
"T",2013,199,81.3125,2.675
"T",2013,200,83.9875,2.675
"T",2013,201,86.6625,2.675
"T",2013,202,89.3375,2.675
"T",2013,203,92.6375,3.3
"T",2013,204,95.9375,3.3
"T",2013,205,99.2375,3.3
"T",2013,206,102.5375,3.3
"T",2013,207,105.8375,3.3
"T",2013,208,109.1375,3.3
"T",2013,209,112.4375,3.3
"T",2013,210,116.3625,3.925
"T",2013,211,120.2875,3.925
"T",2013,212,124.2125,3.925
"T",2013,213,128.1375,3.925
"T",2013,214,132.0625,3.925
"T",2013,215,135.9875,3.925
"T",2013,216,139.9125,3.925
"T",2013,217,144.4625,4.55
"T",2013,218,149.0125,4.55
"T",2013,219,153.5625,4.55
"T",2013,220,158.1125,4.55
"T",2013,221,162.6625,4.55
"T",2013,222,167.2125,4.55
"T",2013,223,171.7625,4.55
"T",2013,224,176.9375,5.175
"T",2013,225,182.1125,5.175
"T",2013,226,187.2875,5.175
"T",2013,227,192.4625,5.175
"T",2013,228,197.6375,5.175
"T",2013,229,202.8125,5.175
"T",2013,230,207.9875,5.175
"T",2013,231,213.7875,5.8
"T",2013,232,219.5875,5.8
"T",2013,233,225.3875,5.8
"T",2013,234,231.1875,5.8
"T",2013,235,236.9875,5.8
"T",2013,236,242.7875,5.8
"T",2013,237,248.5875,5.8
"T",2013,238,248.8875,0.3
"T",2013,239,249.1875,0.3
"T",2013,240,249.4875,0.3
"T",2013,241,249.7875,0.3
"T",2013,242,250.0875,0.3
"T",2013,243,250.3875,0.3
"T",2013,244,250.6875,0.3
"T",2013,245,250.9875,0.3
"T",2013,246,251.2875,0.3
"T",2013,247,251.5875,0.3
"T",2013,248,251.8875,0.3
"T",2013,249,252.1875,0.3
"T",2013,250,252.4875,0.3
"T",2014,140,0.3,0.3
"T",2014,141,0.6,0.3
"T",2014,142,0.9,0.3
"T",2014,143,1.2,0.3
"T",2014,144,1.5,0.3
"T",2014,145,1.8,0.3
"T",2014,146,2.1,0.3
"T",2014,147,2.4,0.3
"T",2014,148,2.7,0.3
"T",2014,149,3,0.3
"T",2014,150,3.3,0.3
"T",2014,151,3.6,0.3
"T",2014,152,3.9,0.3
"T",2014,153,7.2,3.3
"T",2014,154,10.5,3.3
"T",2014,155,13.8,3.3
"T",2014,156,17.1,3.3
"T",2014,157,20.4,3.3
"T",2014,158,23.7,3.3
"T",2014,159,27,3.3
"T",2014,160,30.3,3.3
"T",2014,161,33.6,3.3
"T",2014,162,36.9,3.3
"T",2014,163,40.2,3.3
"T",2014,164,43.5,3.3
"T",2014,165,46.8,3.3
"T",2014,166,50.1,3.3
"T",2014,167,53.4,3.3
"T",2014,168,56.7,3.3
"T",2014,169,60,3.3
"T",2014,170,63.3,3.3
"T",2014,171,66.6,3.3
"T",2014,172,69.9,3.3
"T",2014,173,73.2,3.3
"T",2014,174,76.5,3.3
"T",2014,175,79.8,3.3
"T",2014,176,83.1,3.3
"T",2014,177,86.4,3.3
"T",2014,178,89.7,3.3
"T",2014,179,93,3.3
"T",2014,180,96.3,3.3
"T",2014,181,99.6,3.3
"T",2014,182,102.9,3.3
"T",2014,183,106.2,3.3
"T",2014,184,109.5,3.3
"T",2014,185,112.8,3.3
"T",2014,186,116.1,3.3
"T",2014,187,119.4,3.3
"T",2014,188,122.7,3.3
"T",2014,189,126,3.3
"T",2014,190,129.3,3.3
"T",2014,191,132.6,3.3
"T",2014,192,135.9,3.3
"T",2014,193,139.2,3.3
"T",2014,194,142.5,3.3
"T",2014,195,145.8,3.3
"T",2014,196,149.1,3.3
"T",2014,197,152.4,3.3
"T",2014,198,155.7,3.3
"T",2014,199,159,3.3
"T",2014,200,162.3,3.3
"T",2014,201,165.6,3.3
"T",2014,202,168.9,3.3
"T",2014,203,172.2,3.3
"T",2014,204,175.5,3.3
"T",2014,205,178.8,3.3
"T",2014,206,182.1,3.3
"T",2014,207,185.4,3.3
"T",2014,208,188.7,3.3
"T",2014,209,192,3.3
"T",2014,210,195.3,3.3
"T",2014,211,198.6,3.3
"T",2014,212,201.9,3.3
"T",2014,213,205.2,3.3
"T",2014,214,208.5,3.3
"T",2014,215,211.8,3.3
"T",2014,216,215.1,3.3
"T",2014,217,218.4,3.3
"T",2014,218,221.7,3.3
"T",2014,219,225,3.3
"T",2014,220,228.3,3.3
"T",2014,221,231.6,3.3
"T",2014,222,234.9,3.3
"T",2014,223,238.2,3.3
"T",2014,224,241.5,3.3
"T",2014,225,244.8,3.3
"T",2014,226,248.1,3.3
"T",2014,227,251.4,3.3
"T",2014,228,254.7,3.3
"T",2014,229,258,3.3
"T",2014,230,261.3,3.3
"T",2014,231,264.6,3.3
"T",2014,232,267.9,3.3
"T",2014,233,271.2,3.3
"T",2014,234,274.5,3.3
"T",2014,235,277.8,3.3
"T",2014,236,281.1,3.3
"T",2014,237,284.4,3.3
"T",2014,238,287.7,3.3
"T",2014,239,291,3.3
"T",2014,240,294.3,3.3
"T",2014,241,297.6,3.3
"T",2014,242,297.9,0.3
"T",2014,243,298.2,0.3
"T",2014,244,298.5,0.3
"T",2014,245,298.8,0.3
"T",2014,246,299.1,0.3
"T",2014,247,299.4,0.3
"T",2014,248,299.7,0.3
"T",2014,249,300,0.3
"T",2014,250,300.3,0.3
"T",2015,140,0.3,0.3
"T",2015,141,0.6,0.3
"T",2015,142,0.9,0.3
"T",2015,143,1.2,0.3
"T",2015,144,1.5,0.3
"T",2015,145,1.8,0.3
"T",2015,146,2.1,0.3
"T",2015,147,2.4,0.3
"T",2015,148,2.7,0.3
"T",2015,149,3,0.3
"T",2015,150,3.3,0.3
"T",2015,151,3.6,0.3
"T",2015,152,6.9,3.3
"T",2015,153,10.2,3.3
"T",2015,154,13.5,3.3
"T",2015,155,16.8,3.3
"T",2015,156,20.1,3.3
"T",2015,157,23.4,3.3
"T",2015,158,26.7,3.3
"T",2015,159,30,3.3
"T",2015,160,33.3,3.3
"T",2015,161,36.6,3.3
"T",2015,162,39.9,3.3
"T",2015,163,43.2,3.3
"T",2015,164,46.5,3.3
"T",2015,165,49.8,3.3
"T",2015,166,53.1,3.3
"T",2015,167,56.4,3.3
"T",2015,168,59.7,3.3
"T",2015,169,63,3.3
"T",2015,170,66.3,3.3
"T",2015,171,69.6,3.3
"T",2015,172,72.9,3.3
"T",2015,173,76.2,3.3
"T",2015,174,79.5,3.3
"T",2015,175,82.8,3.3
"T",2015,176,86.1,3.3
"T",2015,177,89.4,3.3
"T",2015,178,92.7,3.3
"T",2015,179,96,3.3
"T",2015,180,99.3,3.3
"T",2015,181,102.6,3.3
"T",2015,182,105.9,3.3
"T",2015,183,109.2,3.3
"T",2015,184,112.5,3.3
"T",2015,185,115.8,3.3
"T",2015,186,119.1,3.3
"T",2015,187,122.4,3.3
"T",2015,188,125.7,3.3
"T",2015,189,129,3.3
"T",2015,190,132.3,3.3
"T",2015,191,135.6,3.3
"T",2015,192,138.9,3.3
"T",2015,193,142.2,3.3
"T",2015,194,145.5,3.3
"T",2015,195,148.8,3.3
"T",2015,196,152.1,3.3
"T",2015,197,155.4,3.3
"T",2015,198,158.7,3.3
"T",2015,199,162,3.3
"T",2015,200,165.3,3.3
"T",2015,201,168.6,3.3
"T",2015,202,171.9,3.3
"T",2015,203,175.2,3.3
"T",2015,204,178.5,3.3
"T",2015,205,181.8,3.3
"T",2015,206,185.1,3.3
"T",2015,207,188.4,3.3
"T",2015,208,191.7,3.3
"T",2015,209,195,3.3
"T",2015,210,198.3,3.3
"T",2015,211,201.6,3.3
"T",2015,212,204.9,3.3
"T",2015,213,208.2,3.3
"T",2015,214,211.5,3.3
"T",2015,215,214.8,3.3
"T",2015,216,218.1,3.3
"T",2015,217,221.4,3.3
"T",2015,218,224.7,3.3
"T",2015,219,228,3.3
"T",2015,220,231.3,3.3
"T",2015,221,234.6,3.3
"T",2015,222,237.9,3.3
"T",2015,223,241.2,3.3
"T",2015,224,244.5,3.3
"T",2015,225,247.8,3.3
"T",2015,226,251.1,3.3
"T",2015,227,254.4,3.3
"T",2015,228,257.7,3.3
"T",2015,229,261,3.3
"T",2015,230,264.3,3.3
"T",2015,231,267.6,3.3
"T",2015,232,270.9,3.3
"T",2015,233,274.2,3.3
"T",2015,234,277.5,3.3
"T",2015,235,280.8,3.3
"T",2015,236,284.1,3.3
"T",2015,237,287.4,3.3
"T",2015,238,290.7,3.3
"T",2015,239,294,3.3
"T",2015,240,297.3,3.3
"T",2015,241,297.6,0.3
"T",2015,242,297.9,0.3
"T",2015,243,298.2,0.3
"T",2015,244,298.5,0.3
"T",2015,245,298.8,0.3
"T",2015,246,299.1,0.3
"T",2015,247,299.4,0.3
"T",2015,248,299.7,0.3
"T",2015,249,300,0.3
"T",2015,250,300.3,0.3
"T",2024,140,0.3,0.3
"T",2024,141,0.6,0.3
"T",2024,142,0.9,0.3
"T",2024,143,1.2,0.3
"T",2024,144,1.5,0.3
"T",2024,145,1.8,0.3
"T",2024,146,2.1,0.3
"T",2024,147,2.4,0.3
"T",2024,148,2.7,0.3
"T",2024,149,3,0.3
"T",2024,150,3.3,0.3
"T",2024,151,3.6,0.3
"T",2024,152,3.9,0.3
"T",2024,153,4.2,0.3
"T",2024,154,4.5,0.3
"T",2024,155,4.8,0.3
"T",2024,156,5.1,0.3
"T",2024,157,5.4,0.3
"T",2024,158,5.7,0.3
"T",2024,159,6,0.3
"T",2024,160,6.3,0.3
"T",2024,161,6.6,0.3
"T",2024,162,9.9,3.3
"T",2024,163,13.2,3.3
"T",2024,164,16.5,3.3
"T",2024,165,19.8,3.3
"T",2024,166,23.1,3.3
"T",2024,167,26.4,3.3
"T",2024,168,29.7,3.3
"T",2024,169,33,3.3
"T",2024,170,36.3,3.3
"T",2024,171,39.6,3.3
"T",2024,172,42.9,3.3
"T",2024,173,46.2,3.3
"T",2024,174,49.5,3.3
"T",2024,175,52.8,3.3
"T",2024,176,56.1,3.3
"T",2024,177,59.4,3.3
"T",2024,178,62.7,3.3
"T",2024,179,66,3.3
"T",2024,180,69.3,3.3
"T",2024,181,72.6,3.3
"T",2024,182,75.9,3.3
"T",2024,183,79.2,3.3
"T",2024,184,82.5,3.3
"T",2024,185,85.8,3.3
"T",2024,186,89.1,3.3
"T",2024,187,92.4,3.3
"T",2024,188,95.7,3.3
"T",2024,189,99,3.3
"T",2024,190,102.3,3.3
"T",2024,191,105.6,3.3
"T",2024,192,108.9,3.3
"T",2024,193,112.2,3.3
"T",2024,194,115.5,3.3
"T",2024,195,118.8,3.3
"T",2024,196,122.1,3.3
"T",2024,197,125.4,3.3
"T",2024,198,128.7,3.3
"T",2024,199,132,3.3
"T",2024,200,135.3,3.3
"T",2024,201,138.6,3.3
"T",2024,202,141.9,3.3
"T",2024,203,145.2,3.3
"T",2024,204,148.5,3.3
"T",2024,205,151.8,3.3
"T",2024,206,155.1,3.3
"T",2024,207,158.4,3.3
"T",2024,208,161.7,3.3
"T",2024,209,165,3.3
"T",2024,210,168.3,3.3
"T",2024,211,171.6,3.3
"T",2024,212,174.9,3.3
"T",2024,213,178.2,3.3
"T",2024,214,181.5,3.3
"T",2024,215,184.8,3.3
"T",2024,216,188.1,3.3
"T",2024,217,191.4,3.3
"T",2024,218,194.7,3.3
"T",2024,219,198,3.3
"T",2024,220,201.3,3.3
"T",2024,221,204.6,3.3
"T",2024,222,207.9,3.3
"T",2024,223,211.2,3.3
"T",2024,224,214.5,3.3
"T",2024,225,217.8,3.3
"T",2024,226,221.1,3.3
"T",2024,227,224.4,3.3
"T",2024,228,227.7,3.3
"T",2024,229,231,3.3
"T",2024,230,234.3,3.3
"T",2024,231,237.6,3.3
"T",2024,232,240.9,3.3
"T",2024,233,244.2,3.3
"T",2024,234,244.5,0.3
"T",2024,235,244.8,0.3
"T",2024,236,245.1,0.3
"T",2024,237,245.4,0.3
"T",2024,238,245.7,0.3
"T",2024,239,246,0.3
"T",2024,240,246.3,0.3
"T",2024,241,246.6,0.3
"T",2024,242,246.9,0.3
"T",2024,243,247.2,0.3
"T",2024,244,247.5,0.3
"T",2024,245,247.8,0.3
"T",2024,246,248.1,0.3
"T",2024,247,248.4,0.3
"T",2024,248,248.7,0.3
"T",2024,249,249,0.3
"T",2024,250,249.3,0.3
"T",2025,140,0.3,0.3
"T",2025,141,0.6,0.3
"T",2025,142,0.9,0.3
"T",2025,143,1.2,0.3
"T",2025,144,1.5,0.3
"T",2025,145,1.8,0.3
"T",2025,146,2.1,0.3
"T",2025,147,2.4,0.3
"T",2025,148,2.7,0.3
"T",2025,149,3,0.3
"T",2025,150,3.3,0.3
"T",2025,151,3.6,0.3
"T",2025,152,3.9,0.3
"T",2025,153,10.2,6.3
"T",2025,154,16.5,6.3
"T",2025,155,22.8,6.3
"T",2025,156,29.1,6.3
"T",2025,157,35.4,6.3
"T",2025,158,41.7,6.3
"T",2025,159,48,6.3
"T",2025,160,54.3,6.3
"T",2025,161,60.6,6.3
"T",2025,162,66.9,6.3
"T",2025,163,73.2,6.3
"T",2025,164,79.5,6.3
"T",2025,165,85.8,6.3
"T",2025,166,92.1,6.3
"T",2025,167,98.4,6.3
"T",2025,168,104.7,6.3
"T",2025,169,111,6.3
"T",2025,170,117.3,6.3
"T",2025,171,123.6,6.3
"T",2025,172,129.9,6.3
"T",2025,173,136.2,6.3
"T",2025,174,142.5,6.3
"T",2025,175,148.8,6.3
"T",2025,176,155.1,6.3
"T",2025,177,161.4,6.3
"T",2025,178,167.7,6.3
"T",2025,179,174,6.3
"T",2025,180,180.3,6.3
"T",2025,181,186.6,6.3
"T",2025,182,192.9,6.3
"T",2025,183,199.2,6.3
"T",2025,184,205.5,6.3
"T",2025,185,211.8,6.3
"T",2025,186,218.1,6.3
"T",2025,187,224.4,6.3
"T",2025,188,230.7,6.3
"T",2025,189,237,6.3
"T",2025,190,243.3,6.3
"T",2025,191,249.6,6.3
"T",2025,192,255.9,6.3
"T",2025,193,262.2,6.3
"T",2025,194,268.5,6.3
"T",2025,195,274.8,6.3
"T",2025,196,281.1,6.3
"T",2025,197,287.4,6.3
"T",2025,198,287.7,0.3
"T",2025,199,288,0.3
"T",2025,200,288.3,0.3
"T",2025,201,288.6,0.3
"T",2025,202,288.9,0.3
"T",2025,203,289.2,0.3
"T",2025,204,289.5,0.3
"T",2025,205,289.8,0.3
"T",2025,206,290.1,0.3
"T",2025,207,290.4,0.3
"T",2025,208,290.7,0.3
"T",2025,209,291,0.3
"T",2025,210,291.3,0.3
"T",2025,211,291.6,0.3
"T",2025,212,291.9,0.3
"T",2025,213,292.2,0.3
"T",2025,214,292.5,0.3
"T",2025,215,292.8,0.3
"T",2025,216,293.1,0.3
"T",2025,217,293.4,0.3
"T",2025,218,293.7,0.3
"T",2025,219,294,0.3
"T",2025,220,294.3,0.3
"T",2025,221,294.6,0.3
"T",2025,222,294.9,0.3
"T",2025,223,295.2,0.3
"T",2025,224,295.5,0.3
"T",2025,225,295.8,0.3
"T",2025,226,296.1,0.3
"T",2025,227,296.4,0.3
"T",2025,228,296.7,0.3
"T",2025,229,297,0.3
"T",2025,230,297.3,0.3
"T",2025,231,297.6,0.3
"T",2025,232,297.9,0.3
"T",2025,233,298.2,0.3
"T",2025,234,298.5,0.3
"T",2025,235,298.8,0.3
"T",2025,236,299.1,0.3
"T",2025,237,299.4,0.3
"T",2025,238,299.7,0.3
"T",2025,239,300,0.3
"T",2025,240,300.3,0.3
"T",2025,241,300.6,0.3
"T",2025,242,300.9,0.3
"T",2025,243,301.2,0.3
"T",2025,244,301.5,0.3
"T",2025,245,301.8,0.3
"T",2025,246,302.1,0.3
"T",2025,247,302.4,0.3
"T",2025,248,302.7,0.3
"T",2025,249,303,0.3
"T",2025,250,303.3,0.3
