"year","lake","DOY","Manual_Chl"
2013,"L",144,3.745475445
2013,"L",145,NA
2013,"L",146,NA
2013,"L",147,1.751687982
2013,"L",148,2.141552024
2013,"L",149,11.98771606
2013,"L",150,1.946677454
2013,"L",151,1.208716414
2013,"L",152,1.510794978
2013,"L",153,6.319233067
2013,"L",154,1.810977651
2013,"L",155,2.302472918
2013,"L",156,3.405881228
2013,"L",157,3.096563809
2013,"L",158,3.105238945
2013,"L",159,1.801555649
2013,"L",160,3.330217959
2013,"L",161,2.457935944
2013,"L",162,1.77403651
2013,"L",163,2.163613296
2013,"L",164,2.03572686
2013,"L",165,1.618918191
2013,"L",166,2.953912407
2013,"L",167,2.158385235
2013,"L",168,2.662404869
2013,"L",169,1.942081356
2013,"L",170,2.033658616
2013,"L",171,1.586688052
2013,"L",172,2.871125186
2013,"L",173,2.449375711
2013,"L",174,1.73244182
2013,"L",175,1.787652452
2013,"L",176,2.285122646
2013,"L",177,1.260020362
2013,"L",178,1.630982949
2013,"L",179,2.282077731
2013,"L",180,2.354753536
2013,"L",181,1.67682903
2013,"L",182,1.717274696
2013,"L",183,2.35211078
2013,"L",184,1.753095537
2013,"L",185,1.716929988
2013,"L",186,2.476205435
2013,"L",187,2.03480764
2013,"L",188,2.29649799
2013,"L",189,2.363083965
2013,"L",190,2.986717059
2013,"L",191,2.938860185
2013,"L",192,1.909391607
2013,"L",193,1.710035841
2013,"L",194,1.446219796
2013,"L",195,2.195268924
2013,"L",196,1.72169844
2013,"L",197,1.453286297
2013,"L",198,1.673152152
2013,"L",199,2.182055141
2013,"L",200,2.704516621
2013,"L",201,2.798162124
2013,"L",202,2.690038911
2013,"L",203,2.726175734
2013,"L",204,3.62046157
2013,"L",205,2.389281725
2013,"L",206,2.540263556
2013,"L",207,3.432366245
2013,"L",208,3.834122692
2013,"L",209,4.076854135
2013,"L",210,3.046523789
2013,"L",211,4.056458949
2013,"L",212,4.185724215
2013,"L",213,1.96046575
2013,"L",214,2.567840146
2013,"L",215,1.913585546
2013,"L",216,1.54831063
2013,"L",217,3.287014635
2013,"L",218,3.329183837
2013,"L",219,4.72668499
2013,"L",220,2.302875076
2013,"L",221,2.217789806
2013,"L",222,2.063992865
2013,"L",223,1.647299098
2013,"L",224,1.130410388
2013,"L",225,1.670222139
2013,"L",226,1.979999167
2013,"L",227,1.795006209
2013,"L",228,1.385608749
2013,"L",229,1.015220673
2013,"L",230,1.603521262
2013,"L",231,1.939553502
2013,"L",232,1.256630739
2013,"L",233,1.532224286
2013,"L",234,1.437314855
2013,"L",235,1.28983755
2013,"L",236,1.429731293
2013,"L",237,1.412898083
2013,"L",238,2.731633601
2013,"L",239,2.289144233
2013,"L",240,0.895262507
2013,"L",241,2.234680467
2013,"L",242,2.98723412
2013,"L",243,1.923352255
2013,"L",244,2.789372086
2013,"R",144,6.159116491
2013,"R",145,NA
2013,"R",146,NA
2013,"R",147,3.783278354
2013,"R",148,4.210543146
2013,"R",149,3.934892148
2013,"R",150,3.796434685
2013,"R",151,3.505616562
2013,"R",152,5.410756778
2013,"R",153,4.752423141
2013,"R",154,5.898230459
2013,"R",155,3.920414438
2013,"R",156,5.303552784
2013,"R",157,3.943452381
2013,"R",158,3.844980974
2013,"R",159,4.518079577
2013,"R",160,4.036638275
2013,"R",161,3.666824712
2013,"R",162,3.998605561
2013,"R",163,3.197333266
2013,"R",164,2.519523662
2013,"R",165,2.097084773
2013,"R",166,2.521994065
2013,"R",167,1.77731123
2013,"R",168,1.339647765
2013,"R",169,1.401695093
2013,"R",170,2.056524205
2013,"R",171,2.314365322
2013,"R",172,3.001539476
2013,"R",173,2.637126329
2013,"R",174,2.333554033
2013,"R",175,2.186134178
2013,"R",176,2.385547395
2013,"R",177,2.663209187
2013,"R",178,2.797759966
2013,"R",179,4.010785222
2013,"R",180,4.278048341
2013,"R",181,3.293966233
2013,"R",182,3.876521699
2013,"R",183,3.617818813
2013,"R",184,3.434549392
2013,"R",185,2.986487254
2013,"R",186,2.696760705
2013,"R",187,2.446330796
2013,"R",188,1.986261351
2013,"R",189,3.519289955
2013,"R",190,3.127989632
2013,"R",191,4.570762354
2013,"R",192,4.140912256
2013,"R",193,4.048243423
2013,"R",194,4.420240133
2013,"R",195,3.433285465
2013,"R",196,2.681651031
2013,"R",197,3.499469281
2013,"R",198,2.892554494
2013,"R",199,3.301894503
2013,"R",200,3.640052439
2013,"R",201,2.828438922
2013,"R",202,3.402951215
2013,"R",203,3.231746552
2013,"R",204,3.734100101
2013,"R",205,3.229276149
2013,"R",206,3.900651215
2013,"R",207,4.102477384
2013,"R",208,5.148606819
2013,"R",209,5.378067028
2013,"R",210,4.284770134
2013,"R",211,9.77159234
2013,"R",212,2.698369339
2013,"R",213,4.73926681
2013,"R",214,5.026925115
2013,"R",215,5.092821675
2013,"R",216,3.504065379
2013,"R",217,9.541844874
2013,"R",218,6.773442486
2013,"R",219,8.98973856
2013,"R",220,5.423396048
2013,"R",221,4.866348929
2013,"R",222,3.016649149
2013,"R",223,5.600460737
2013,"R",224,3.382900736
2013,"R",225,3.159645259
2013,"R",226,2.541814739
2013,"R",227,2.962587543
2013,"R",228,4.309646517
2013,"R",229,5.700885486
2013,"R",230,3.341995461
2013,"R",231,5.805906333
2013,"R",232,5.106092909
2013,"R",233,4.146312672
2013,"R",234,2.626670205
2013,"R",235,1.953916309
2013,"R",236,1.630925498
2013,"R",237,2.449375711
2013,"R",238,2.688257923
2013,"R",239,4.541462227
2013,"R",240,4.09156165
2013,"R",241,4.064617024
2013,"R",242,6.375937431
2013,"R",243,4.493030841
2013,"R",244,4.405934777
2013,"T",144,8.927863586
2013,"T",145,NA
2013,"T",146,NA
2013,"T",147,6.403399118
2013,"T",148,7.726156222
2013,"T",149,8.722245636
2013,"T",150,5.087651064
2013,"T",151,5.403805179
2013,"T",152,6.207030816
2013,"T",153,9.472903399
2013,"T",154,7.984399498
2013,"T",155,7.770680925
2013,"T",156,9.920563378
2013,"T",157,11.34161953
2013,"T",158,11.6694937
2013,"T",159,7.180829153
2013,"T",160,7.184620935
2013,"T",161,5.680317946
2013,"T",162,5.337046851
2013,"T",163,5.011987795
2013,"T",164,4.901336728
2013,"T",165,5.134761072
2013,"T",166,7.891098702
2013,"T",167,7.356572464
2013,"T",168,7.625329315
2013,"T",169,6.685599557
2013,"T",170,6.087245003
2013,"T",171,5.274482462
2013,"T",172,6.795159051
2013,"T",173,6.978141216
2013,"T",174,8.915626474
2013,"T",175,11.72694493
2013,"T",176,9.552013741
2013,"T",177,NA
2013,"T",178,4.600751896
2013,"T",179,4.69209935
2013,"T",180,5.050020509
2013,"T",181,5.809755566
2013,"T",182,7.01663354
2013,"T",183,6.582244795
2013,"T",184,5.966252714
2013,"T",185,4.332282301
2013,"T",186,4.780689146
2013,"T",187,4.123159826
2013,"T",188,4.82481169
2013,"T",189,6.791539624
2013,"T",190,8.047423497
2013,"T",191,10.93118795
2013,"T",192,10.31806843
2013,"T",193,8.978650473
2013,"T",194,9.718507404
2013,"T",195,10.75624896
2013,"T",196,7.664970663
2013,"T",197,6.493137938
2013,"T",198,5.54823757
2013,"T",199,6.591494443
2013,"T",200,8.49669211
2013,"T",201,8.168243432
2013,"T",202,11.72125726
2013,"T",203,9.457046859
2013,"T",204,12.33627267
2013,"T",205,13.50649676
2013,"T",206,12.20557112
2013,"T",207,13.50873736
2013,"T",208,18.06214944
2013,"T",209,18.24220159
2013,"T",210,21.4884833
2013,"T",211,23.26366884
2013,"T",212,20.73070159
2013,"T",213,17.79006042
2013,"T",214,22.24396697
2013,"T",215,21.30383505
2013,"T",216,18.53508796
2013,"T",217,21.81032509
2013,"T",218,30.52274657
2013,"T",219,23.71810806
2013,"T",220,22.85582256
2013,"T",221,14.2959341
2013,"T",222,14.50413736
2013,"T",223,20.40041447
2013,"T",224,22.38926113
2013,"T",225,16.05646957
2013,"T",226,28.84620479
2013,"T",227,16.57467966
2013,"T",228,18.56323906
2013,"T",229,21.27510944
2013,"T",230,22.19806344
2013,"T",231,18.83343219
2013,"T",232,22.25074622
2013,"T",233,21.64699125
2013,"T",234,15.68108324
2013,"T",235,15.31735951
2013,"T",236,16.26944128
2013,"T",237,15.93582199
2013,"T",238,19.53157953
2013,"T",239,15.12805771
2013,"T",240,10.08901038
2013,"T",241,11.80812352
2013,"T",242,14.60168954
2013,"T",243,11.41291651
2013,"T",244,13.36861381
2014,"L",146,2.161315247
2014,"L",147,2.768861997
2014,"L",148,2.146061946
2014,"L",149,0.716784518
2014,"L",150,1.420108212
2014,"L",151,1.066093737
2014,"L",152,1.578242721
2014,"L",153,2.156575521
2014,"L",154,1.922605389
2014,"L",155,1.78360214
2014,"L",156,1.081347038
2014,"L",157,1.967934409
2014,"L",158,1.727328661
2014,"L",159,1.84504623
2014,"L",160,1.889858189
2014,"L",161,1.859265409
2014,"L",162,1.33961904
2014,"L",163,1.809972254
2014,"L",164,2.163038784
2014,"L",165,2.244820609
2014,"L",166,2.006369282
2014,"L",167,2.084617856
2014,"L",168,1.500338854
2014,"L",169,1.649941855
2014,"L",170,1.947941382
2014,"L",171,1.933549849
2014,"L",172,2.130636291
2014,"L",173,1.570486805
2014,"L",174,2.089012875
2014,"L",175,2.276792218
2014,"L",176,2.248267683
2014,"L",177,1.779034767
2014,"L",178,1.487843211
2014,"L",179,1.511024783
2014,"L",180,2.477756618
2014,"L",181,2.261625094
2014,"L",182,2.310918248
2014,"L",183,2.444233826
2014,"L",184,1.751027293
2014,"L",185,2.040753843
2014,"L",186,2.42691228
2014,"L",187,1.951905516
2014,"L",188,2.086341393
2014,"L",189,3.703794578
2014,"L",190,2.645542934
2014,"L",191,2.635718773
2014,"L",192,3.013345704
2014,"L",193,2.312727962
2014,"L",194,2.379170309
2014,"L",195,2.173207652
2014,"L",196,2.562468456
2014,"L",197,2.179326208
2014,"L",198,1.786015092
2014,"L",199,1.883308749
2014,"L",200,1.813160798
2014,"L",201,2.101853225
2014,"L",202,1.815056688
2014,"L",203,2.349525475
2014,"L",204,1.839530912
2014,"L",205,2.278860462
2014,"L",206,2.654677679
2014,"L",207,2.495509048
2014,"L",208,3.100901377
2014,"L",209,2.689493124
2014,"L",210,2.512830594
2014,"L",211,1.784808616
2014,"L",212,1.816004633
2014,"L",213,2.204145139
2014,"L",214,1.598838987
2014,"L",215,1.574106232
2014,"L",216,1.673726664
2014,"L",217,1.628311467
2014,"L",218,1.395806342
2014,"L",219,1.579276843
2014,"L",220,1.244479804
2014,"L",221,1.626501753
2014,"L",222,1.792219824
2014,"L",223,2.648086012
2014,"L",224,2.316431843
2014,"L",225,1.819537884
2014,"L",226,1.658559539
2014,"L",227,1.941391941
2014,"L",228,2.147526952
2014,"L",229,2.391838305
2014,"L",230,2.841250546
2014,"L",231,2.953281305
2014,"L",232,2.909547419
2014,"L",233,2.908468485
2014,"L",234,6.359937263
2014,"L",235,2.293855233
2014,"L",236,3.351245109
2014,"L",237,3.132872986
2014,"L",238,2.52877331
2014,"L",239,2.468621873
2014,"L",240,1.880206382
2014,"L",241,1.949406388
2014,"R",146,2.508177044
2014,"R",147,2.864949178
2014,"R",148,2.983873223
2014,"R",149,0.771730873
2014,"R",150,1.478105228
2014,"R",151,1.285241451
2014,"R",152,1.32048778
2014,"R",153,1.935014855
2014,"R",154,2.327291849
2014,"R",155,2.710434097
2014,"R",156,8.006862929
2014,"R",157,4.892000903
2014,"R",158,4.523767248
2014,"R",159,5.170696816
2014,"R",160,6.811503926
2014,"R",161,2.576342928
2014,"R",162,6.688874277
2014,"R",163,6.277466024
2014,"R",164,5.10141192
2014,"R",165,7.44141314
2014,"R",166,8.726021003
2014,"R",167,8.835323174
2014,"R",168,7.941889792
2014,"R",169,6.700291454
2014,"R",170,5.461802195
2014,"R",171,5.373126223
2014,"R",172,5.493946158
2014,"R",173,4.871835521
2014,"R",174,5.860800983
2014,"R",175,3.621668045
2014,"R",176,4.42733536
2014,"R",177,4.32685316
2014,"R",178,13.04071092
2014,"R",179,4.37054482
2014,"R",180,4.203792627
2014,"R",181,3.068498884
2014,"R",182,2.59866273
2014,"R",183,2.662347418
2014,"R",184,2.49464728
2014,"R",185,2.514898838
2014,"R",186,4.562374474
2014,"R",187,7.007297715
2014,"R",188,3.980853131
2014,"R",189,7.312363743
2014,"R",190,6.839425223
2014,"R",191,7.102954012
2014,"R",192,9.273231651
2014,"R",193,5.557717023
2014,"R",194,3.609172403
2014,"R",195,9.270215462
2014,"R",196,5.975933246
2014,"R",197,4.13760881
2014,"R",198,2.48180693
2014,"R",199,4.80142904
2014,"R",200,4.168373944
2014,"R",201,3.612705654
2014,"R",202,2.681909562
2014,"R",203,3.01618954
2014,"R",204,3.536008263
2014,"R",205,3.045231136
2014,"R",206,4.648896026
2014,"R",207,3.977578411
2014,"R",208,5.792462746
2014,"R",209,5.719298605
2014,"R",210,5.594083651
2014,"R",211,5.678019897
2014,"R",212,7.484114193
2014,"R",213,8.708428616
2014,"R",214,6.932496215
2014,"R",215,7.04840407
2014,"R",216,8.154570039
2014,"R",217,6.050820924
2014,"R",218,7.777373993
2014,"R",219,10.80218122
2014,"R",220,12.66653106
2014,"R",221,7.075808306
2014,"R",222,5.092879126
2014,"R",223,11.13106049
2014,"R",224,10.30003047
2014,"R",225,10.47453686
2014,"R",226,8.668873444
2014,"R",227,7.879665907
2014,"R",228,6.340978358
2014,"R",229,5.360458227
2014,"R",230,5.675693122
2014,"R",231,8.136987378
2014,"R",232,5.07314032
2014,"R",233,8.714805702
2014,"R",234,13.34181281
2014,"R",235,5.428796464
2014,"R",236,7.134494737
2014,"R",237,6.942665082
2014,"R",238,7.427065122
2014,"R",239,7.010486259
2014,"R",240,7.920255201
2014,"R",241,6.706454353
2014,"T",146,4.576766007
2014,"T",147,4.835296539
2014,"T",148,6.043754423
2014,"T",149,1.776621816
2014,"T",150,3.852191103
2014,"T",151,3.752484495
2014,"T",152,4.601929646
2014,"T",153,8.948344949
2014,"T",154,10.91369405
2014,"T",155,8.728680174
2014,"T",156,10.32941505
2014,"T",157,8.896638843
2014,"T",158,9.819937549
2014,"T",159,12.06510287
2014,"T",160,10.64887261
2014,"T",161,7.455158774
2014,"T",162,9.533916604
2014,"T",163,10.71936527
2014,"T",164,11.49616334
2014,"T",165,12.76753032
2014,"T",166,13.12180333
2014,"T",167,12.01925678
2014,"T",168,12.68773056
2014,"T",169,13.73684746
2014,"T",170,14.83353398
2014,"T",171,14.07129979
2014,"T",172,16.88161285
2014,"T",173,13.58827858
2014,"T",174,13.49563848
2014,"T",175,14.49632399
2014,"T",176,12.07940822
2014,"T",177,8.928351922
2014,"T",178,5.127953102
2014,"T",179,13.58767535
2014,"T",180,11.31631227
2014,"T",181,10.59475355
2014,"T",182,11.57139573
2014,"T",183,10.4393767
2014,"T",184,11.48203034
2014,"T",185,12.14481645
2014,"T",186,10.20850894
2014,"T",187,15.85990019
2014,"T",188,16.34610994
2014,"T",189,9.626384358
2014,"T",190,19.81326291
2014,"T",191,9.927661547
2014,"T",192,11.50536613
2014,"T",193,10.88064833
2014,"T",194,10.95013853
2014,"T",195,10.83462595
2014,"T",196,11.86941031
2014,"T",197,10.88039286
2014,"T",198,13.83776055
2014,"T",199,11.80665851
2014,"T",200,12.37206478
2014,"T",201,8.473510539
2014,"T",202,11.73442231
2014,"T",203,6.581153222
2014,"T",204,7.654141106
2014,"T",205,16.43487209
2014,"T",206,14.51097405
2014,"T",207,14.14997925
2014,"T",208,13.76476876
2014,"T",209,15.83189272
2014,"T",210,13.01701228
2014,"T",211,9.670593079
2014,"T",212,9.22083613
2014,"T",213,9.882588115
2014,"T",214,9.073904611
2014,"T",215,8.315893091
2014,"T",216,7.758845972
2014,"T",217,10.49961432
2014,"T",218,10.44359937
2014,"T",219,11.33811501
2014,"T",220,11.07070826
2014,"T",221,11.07923977
2014,"T",222,12.06044932
2014,"T",223,15.86624108
2014,"T",224,18.08747423
2014,"T",225,11.65205725
2014,"T",226,12.28175145
2014,"T",227,9.76176818
2014,"T",228,11.03658223
2014,"T",229,12.03649215
2014,"T",230,13.0340753
2014,"T",231,19.53672314
2014,"T",232,15.4638926
2014,"T",233,11.69040595
2014,"T",234,17.89229488
2014,"T",235,20.37780741
2014,"T",236,18.26837063
2014,"T",237,16.12067132
2014,"T",238,16.18978515
2014,"T",239,16.0284621
2014,"T",240,16.39712664
2014,"T",241,16.39479986
2015,"L",145,1.915112004
2015,"L",146,1.997015299
2015,"L",147,2.149711269
2015,"L",148,1.983223991
2015,"L",149,2.883303172
2015,"L",150,2.598186865
2015,"L",151,2.014973091
2015,"L",152,2.275143677
2015,"L",153,2.026937654
2015,"L",154,2.240091418
2015,"L",155,2.025283729
2015,"L",156,2.400724663
2015,"L",157,2.037574384
2015,"L",158,1.882986762
2015,"L",159,2.054229368
2015,"L",160,1.687081518
2015,"L",161,1.823133452
2015,"L",162,1.803911952
2015,"L",163,1.627727904
2015,"L",164,1.931329851
2015,"L",165,2.054298184
2015,"L",166,2.369903794
2015,"L",167,1.593320011
2015,"L",168,2.490896801
2015,"L",169,1.665811184
2015,"L",170,1.73118618
2015,"L",171,2.160815635
2015,"L",172,2.511228737
2015,"L",173,2.157453045
2015,"L",174,2.071120515
2015,"L",175,1.643837053
2015,"L",176,2.275831834
2015,"L",177,1.94177812
2015,"L",178,1.666358583
2015,"L",179,1.736425563
2015,"L",180,2.033537713
2015,"L",181,2.26641893
2015,"L",182,1.948224908
2015,"L",183,2.530730192
2015,"L",184,1.868270351
2015,"L",185,1.714920631
2015,"L",186,1.596604401
2015,"L",187,2.070885916
2015,"L",188,2.18153857
2015,"L",189,2.085725884
2015,"L",190,2.211205211
2015,"L",191,2.082671401
2015,"L",192,1.721537112
2015,"L",193,1.736972962
2015,"L",194,2.34122247
2015,"L",195,1.824087489
2015,"L",196,1.943733114
2015,"L",197,1.68645592
2015,"L",198,2.203199902
2015,"L",199,2.226816228
2015,"L",200,1.686846919
2015,"L",201,1.631872491
2015,"L",202,1.55554953
2015,"L",203,2.090201256
2015,"L",204,1.921488412
2015,"L",205,1.851535603
2015,"L",206,1.139761431
2015,"L",207,1.5649335
2015,"L",208,1.530837625
2015,"L",209,1.547182156
2015,"L",210,1.994093757
2015,"L",211,1.933723546
2015,"L",212,2.029127247
2015,"L",213,2.03139504
2015,"L",214,2.384921275
2015,"L",215,2.112836175
2015,"L",216,2.356767017
2015,"L",217,2.375082964
2015,"L",218,2.085352871
2015,"L",219,2.248164761
2015,"L",220,2.357957217
2015,"L",221,2.428806195
2015,"L",222,1.906054908
2015,"L",223,2.480534552
2015,"L",224,2.144862885
2015,"L",225,1.830107306
2015,"L",226,2.385014333
2015,"L",227,2.190609741
2015,"L",228,2.13023953
2015,"L",229,2.876186995
2015,"L",230,2.3904195
2015,"L",231,2.583563511
2015,"L",232,2.946253975
2015,"L",233,2.544307234
2015,"L",234,2.628997569
2015,"L",235,2.859765046
2015,"L",236,3.158097112
2015,"L",237,3.380575416
2015,"L",238,2.72119508
2015,"L",239,3.354378498
2015,"L",240,3.246775634
2015,"L",241,3.009986776
2015,"L",242,2.595840873
2015,"L",243,2.151275264
2015,"L",244,2.135713513
2015,"L",245,2.599047062
2015,"L",246,2.901601915
2015,"R",145,2.279210064
2015,"R",146,1.874000047
2015,"R",147,2.623054387
2015,"R",148,1.7566793
2015,"R",149,1.811106329
2015,"R",150,1.984866185
2015,"R",151,1.629057299
2015,"R",152,1.438640896
2015,"R",153,1.262456847
2015,"R",154,2.205509141
2015,"R",155,2.652264342
2015,"R",156,3.246634093
2015,"R",157,3.697139754
2015,"R",158,4.140278217
2015,"R",159,5.381081552
2015,"R",160,4.031901176
2015,"R",161,4.99395601
2015,"R",162,5.214516074
2015,"R",163,3.746941268
2015,"R",164,5.401709865
2015,"R",165,6.474602686
2015,"R",166,6.912570581
2015,"R",167,6.468605547
2015,"R",168,9.624278467
2015,"R",169,8.855262074
2015,"R",170,9.834870407
2015,"R",171,12.59328857
2015,"R",172,12.56239967
2015,"R",173,18.46241479
2015,"R",174,14.43942839
2015,"R",175,23.32769076
2015,"R",176,35.18164679
2015,"R",177,31.67316863
2015,"R",178,34.34220448
2015,"R",179,40.15049129
2015,"R",180,32.05914855
2015,"R",181,26.12211209
2015,"R",182,17.86350789
2015,"R",183,22.04095289
2015,"R",184,14.27223731
2015,"R",185,13.30600114
2015,"R",186,11.42521883
2015,"R",187,12.56138307
2015,"R",188,10.68771694
2015,"R",189,10.59472022
2015,"R",190,9.907949643
2015,"R",191,9.256944501
2015,"R",192,8.283954213
2015,"R",193,8.337970694
2015,"R",194,5.644380128
2015,"R",195,8.292849435
2015,"R",196,8.662030479
2015,"R",197,8.646546928
2015,"R",198,9.062647825
2015,"R",199,8.518377529
2015,"R",200,7.807619955
2015,"R",201,8.007576729
2015,"R",202,7.863141781
2015,"R",203,7.691493318
2015,"R",204,8.515607694
2015,"R",205,7.290093975
2015,"R",206,5.794836457
2015,"R",207,5.364112205
2015,"R",208,4.256652747
2015,"R",209,3.86142571
2015,"R",210,3.276256942
2015,"R",211,3.19055001
2015,"R",212,3.566456234
2015,"R",213,3.549174088
2015,"R",214,4.470746472
2015,"R",215,5.168604997
2015,"R",216,6.482912192
2015,"R",217,7.040167557
2015,"R",218,6.346926728
2015,"R",219,5.458733909
2015,"R",220,6.498086855
2015,"R",221,4.909224229
2015,"R",222,4.17955248
2015,"R",223,3.732809009
2015,"R",224,4.156004188
2015,"R",225,3.271393699
2015,"R",226,3.240050456
2015,"R",227,2.815034786
2015,"R",228,3.283138521
2015,"R",229,3.507571818
2015,"R",230,2.519624263
2015,"R",231,3.163336496
2015,"R",232,3.198291786
2015,"R",233,2.513105532
2015,"R",234,2.938043001
2015,"R",235,2.952431756
2015,"R",236,2.958374937
2015,"R",237,2.66692445
2015,"R",238,3.203061971
2015,"R",239,3.623854854
2015,"R",240,3.127912007
2015,"R",241,2.652613895
2015,"R",242,3.012098169
2015,"R",243,2.449372731
2015,"R",244,2.392834308
2015,"R",245,2.462823089
2015,"R",246,2.550719614
2015,"T",145,6.70414321
2015,"T",146,6.575295037
2015,"T",147,7.058700899
2015,"T",148,5.652903901
2015,"T",149,6.361002684
2015,"T",150,6.236508674
2015,"T",151,5.54131285
2015,"T",152,5.020424281
2015,"T",153,5.951079567
2015,"T",154,7.580831281
2015,"T",155,9.67312047
2015,"T",156,9.677884399
2015,"T",157,9.865551299
2015,"T",158,11.39033314
2015,"T",159,12.21112637
2015,"T",160,12.02070996
2015,"T",161,11.24073286
2015,"T",162,9.818292059
2015,"T",163,9.861223725
2015,"T",164,10.13140466
2015,"T",165,11.36796957
2015,"T",166,12.1472794
2015,"T",167,11.96761233
2015,"T",168,13.39538346
2015,"T",169,12.31364625
2015,"T",170,11.90653832
2015,"T",171,12.09163714
2015,"T",172,13.97828443
2015,"T",173,13.98414942
2015,"T",174,14.57260257
2015,"T",175,8.857999066
2015,"T",176,14.63678268
2015,"T",177,8.820541383
2015,"T",178,7.177877326
2015,"T",179,7.187261297
2015,"T",180,10.56431069
2015,"T",181,11.42691733
2015,"T",182,10.44295405
2015,"T",183,8.448224529
2015,"T",184,12.2018988
2015,"T",185,7.403170821
2015,"T",186,6.980579344
2015,"T",187,11.74583782
2015,"T",188,10.78624863
2015,"T",189,8.506897023
2015,"T",190,8.079141234
2015,"T",191,7.026181531
2015,"T",192,8.317419016
2015,"T",193,8.658276891
2015,"T",194,8.053636384
2015,"T",195,9.189018629
2015,"T",196,7.827404493
2015,"T",197,7.664983601
2015,"T",198,7.546432772
2015,"T",199,7.646528459
2015,"T",200,7.707680667
2015,"T",201,7.59820101
2015,"T",202,7.478320786
2015,"T",203,7.421078565
2015,"T",204,7.14591865
2015,"T",205,7.888713101
2015,"T",206,8.181883983
2015,"T",207,6.868910094
2015,"T",208,6.456321147
2015,"T",209,5.681525011
2015,"T",210,6.431226064
2015,"T",211,5.086112076
2015,"T",212,5.00806872
2015,"T",213,6.381021821
2015,"T",214,9.005224963
2015,"T",215,7.635659475
2015,"T",216,11.2013298
2015,"T",217,8.205422109
2015,"T",218,11.3075282
2015,"T",219,11.29626743
2015,"T",220,14.13890673
2015,"T",221,16.73818839
2015,"T",222,14.5883911
2015,"T",223,20.06626206
2015,"T",224,14.55735362
2015,"T",225,18.15768208
2015,"T",226,29.22098071
2015,"T",227,26.63319441
2015,"T",228,29.75492864
2015,"T",229,27.59997799
2015,"T",230,26.76890931
2015,"T",231,33.21135782
2015,"T",232,34.64272613
2015,"T",233,34.39514571
2015,"T",234,55.92823029
2015,"T",235,58.19516299
2015,"T",236,47.11277189
2015,"T",237,49.84702633
2015,"T",238,67.74053791
2015,"T",239,50.54323875
2015,"T",240,74.65910484
2015,"T",241,65.50128792
2015,"T",242,56.594414
2015,"T",243,44.21734776
2015,"T",244,57.16832201
2015,"T",245,64.93903168
2015,"T",246,57.97182449
2024,"L",148,2.420690492
2024,"L",149,3.618531554
2024,"L",150,3.268530209
2024,"L",151,2.630575677
2024,"L",152,2.258271925
2024,"L",153,2.799039122
2024,"L",154,2.375383939
2024,"L",155,2.708890941
2024,"L",156,2.489485268
2024,"L",157,3.841095052
2024,"L",158,3.696203412
2024,"L",159,3.51174102
2024,"L",160,3.263200129
2024,"L",161,3.819926223
2024,"L",162,2.732325185
2024,"L",163,2.720008189
2024,"L",164,2.547720007
2024,"L",165,3.537049759
2024,"L",166,3.012629767
2024,"L",167,3.493406136
2024,"L",168,4.294649007
2024,"L",169,4.601556105
2024,"L",170,3.413724833
2024,"L",171,4.826836011
2024,"L",172,4.962661639
2024,"L",173,5.969815208
2024,"L",174,6.466735921
2024,"L",175,4.921910294
2024,"L",176,4.392957731
2024,"L",177,6.045208591
2024,"L",178,5.088623745
2024,"L",179,4.11414369
2024,"L",180,4.031669362
2024,"L",181,3.763409264
2024,"L",182,5.026019246
2024,"L",183,5.162981063
2024,"L",184,5.012446782
2024,"L",185,5.618109142
2024,"L",186,4.157735075
2024,"L",187,6.744974466
2024,"L",188,4.812271014
2024,"L",189,3.698230271
2024,"L",190,5.431681708
2024,"L",191,4.817150101
2024,"L",192,4.266546373
2024,"L",193,4.641551732
2024,"L",194,3.842434102
2024,"L",195,3.970200182
2024,"L",196,4.587416853
2024,"L",197,4.33611428
2024,"L",198,5.123229217
2024,"L",199,5.4915846
2024,"L",200,6.146221534
2024,"L",201,5.235441249
2024,"L",202,5.629929871
2024,"L",203,4.101115379
2024,"L",204,4.156056474
2024,"L",205,4.59858634
2024,"L",206,6.798166438
2024,"L",207,3.381374328
2024,"L",208,0.958852002
2024,"L",209,3.120599152
2024,"L",210,3.534950638
2024,"L",211,3.237467386
2024,"L",212,3.655016745
2024,"L",213,3.244794723
2024,"L",214,5.015322518
2024,"L",215,3.075492848
2024,"L",216,3.238768998
2024,"L",217,5.511346469
2024,"L",218,4.752491753
2024,"L",219,5.713508175
2024,"L",220,5.585266724
2024,"L",221,6.412019453
2024,"L",222,5.926660886
2024,"L",223,6.411688608
2024,"L",224,5.992427563
2024,"L",225,7.102329267
2024,"L",226,4.943519669
2024,"L",227,3.832531401
2024,"L",228,4.544933798
2024,"L",229,6.558410341
2024,"L",230,10.42647967
2024,"L",231,4.945255732
2024,"L",232,6.73281767
2024,"L",233,5.51892281
2024,"L",234,5.566895273
2024,"L",235,5.385366079
2024,"L",236,5.462853361
2024,"L",237,5.460502623
2024,"L",238,5.245375292
2024,"L",239,5.256711072
2024,"R",148,2.433824151
2024,"R",149,5.430016166
2024,"R",150,4.397346646
2024,"R",151,3.741852128
2024,"R",152,4.090792158
2024,"R",153,5.562098897
2024,"R",154,5.382104648
2024,"R",155,3.603093301
2024,"R",156,3.612901972
2024,"R",157,4.415462127
2024,"R",158,7.177377876
2024,"R",159,7.148959198
2024,"R",160,5.596068799
2024,"R",161,6.713251696
2024,"R",162,5.582101934
2024,"R",163,12.24573043
2024,"R",164,10.15750391
2024,"R",165,33.12424577
2024,"R",166,20.16027529
2024,"R",167,21.47442476
2024,"R",168,21.89668691
2024,"R",169,23.15781419
2024,"R",170,26.26017858
2024,"R",171,30.75386717
2024,"R",172,15.10565192
2024,"R",173,16.29994162
2024,"R",174,11.76790119
2024,"R",175,9.586419157
2024,"R",176,14.14399731
2024,"R",177,47.79311146
2024,"R",178,16.72715338
2024,"R",179,14.85796861
2024,"R",180,12.67269667
2024,"R",181,6.73779688
2024,"R",182,6.564880964
2024,"R",183,5.344029662
2024,"R",184,10.61806828
2024,"R",185,5.50140459
2024,"R",186,5.623558501
2024,"R",187,10.60205889
2024,"R",188,8.420773625
2024,"R",189,9.185181305
2024,"R",190,32.16932386
2024,"R",191,13.46250102
2024,"R",192,21.25913723
2024,"R",193,9.909901568
2024,"R",194,23.09247761
2024,"R",195,28.21303221
2024,"R",196,38.27358037
2024,"R",197,36.85273613
2024,"R",198,45.99914942
2024,"R",199,40.93069762
2024,"R",200,41.8165775
2024,"R",201,54.20783861
2024,"R",202,83.85656214
2024,"R",203,52.05961256
2024,"R",204,55.17242468
2024,"R",205,53.65439311
2024,"R",206,39.67636136
2024,"R",207,40.79731502
2024,"R",208,42.4813139
2024,"R",209,42.62923625
2024,"R",210,27.75925276
2024,"R",211,25.24518225
2024,"R",212,30.30732973
2024,"R",213,38.33783387
2024,"R",214,43.8975028
2024,"R",215,52.78329153
2024,"R",216,58.1994784
2024,"R",217,68.34047403
2024,"R",218,60.78729241
2024,"R",219,57.22670828
2024,"R",220,48.45514799
2024,"R",221,23.44982806
2024,"R",222,11.35480169
2024,"R",223,2.745645161
2024,"R",224,2.743210842
2024,"R",225,3.246906904
2024,"R",226,4.781047122
2024,"R",227,6.62480127
2024,"R",228,7.619741449
2024,"R",229,14.57395595
2024,"R",230,27.9325979
2024,"R",231,14.24938872
2024,"R",232,13.43168024
2024,"R",233,11.529411
2024,"R",234,13.86804682
2024,"R",235,14.20916499
2024,"R",236,17.5526106
2024,"R",237,14.80120264
2024,"R",238,14.31782131
2024,"R",239,12.68449389
2024,"T",148,9.829875489
2024,"T",149,8.000598404
2024,"T",150,8.331586634
2024,"T",151,7.116819389
2024,"T",152,5.91723704
2024,"T",153,6.950847726
2024,"T",154,5.512197958
2024,"T",155,6.49051494
2024,"T",156,5.286757854
2024,"T",157,10.097453
2024,"T",158,9.589200863
2024,"T",159,10.60264135
2024,"T",160,7.934365932
2024,"T",161,8.901835565
2024,"T",162,5.938316192
2024,"T",163,9.567585394
2024,"T",164,10.31992421
2024,"T",165,16.36470445
2024,"T",166,14.8848715
2024,"T",167,14.83977216
2024,"T",168,19.74907031
2024,"T",169,21.55696177
2024,"T",170,18.5131917
2024,"T",171,24.28846507
2024,"T",172,20.21108169
2024,"T",173,23.67143298
2024,"T",174,23.88076095
2024,"T",175,17.54529719
2024,"T",176,19.58060077
2024,"T",177,20.29626285
2024,"T",178,18.01913192
2024,"T",179,18.41193584
2024,"T",180,20.91399146
2024,"T",181,16.9657968
2024,"T",182,24.92530779
2024,"T",183,16.0052157
2024,"T",184,24.88769599
2024,"T",185,19.20286246
2024,"T",186,19.73339002
2024,"T",187,29.20153311
2024,"T",188,12.16419813
2024,"T",189,14.79441162
2024,"T",190,26.42333719
2024,"T",191,23.76117021
2024,"T",192,15.10910663
2024,"T",193,14.88834449
2024,"T",194,17.84198293
2024,"T",195,16.40902021
2024,"T",196,17.83959737
2024,"T",197,16.4155274
2024,"T",198,19.58208086
2024,"T",199,23.3476145
2024,"T",200,24.76180092
2024,"T",201,19.32236787
2024,"T",202,14.60469838
2024,"T",203,14.60130287
2024,"T",204,14.71796911
2024,"T",205,21.70654618
2024,"T",206,18.6956786
2024,"T",207,39.33028053
2024,"T",208,20.15522555
2024,"T",209,17.26111911
2024,"T",210,15.77501753
2024,"T",211,18.81330255
2024,"T",212,19.13818931
2024,"T",213,20.58123147
2024,"T",214,20.17020062
2024,"T",215,22.69881087
2024,"T",216,25.79124993
2024,"T",217,23.18071211
2024,"T",218,25.66326532
2024,"T",219,24.297922
2024,"T",220,19.7393191
2024,"T",221,27.97212512
2024,"T",222,27.64297395
2024,"T",223,30.90149263
2024,"T",224,34.07786173
2024,"T",225,31.35657804
2024,"T",226,23.39079842
2024,"T",227,24.58593091
2024,"T",228,27.53009936
2024,"T",229,28.223567
2024,"T",230,29.6158132
2024,"T",231,25.549211
2024,"T",232,38.21864276
2024,"T",233,41.17360719
2024,"T",234,36.0716356
2024,"T",235,23.91553533
2024,"T",236,31.61690048
2024,"T",237,19.87052509
2024,"T",238,24.48258551
2024,"T",239,25.04388945
2025,"R",146,3.85395532879689
2025,"R",147,3.53022913737494
2025,"R",148,2.67226644684422
2025,"R",149,3.50834551011744
2025,"R",150,3.9200728755469
2025,"R",151,2.96591190137553
2025,"R",152,3.30055073986513
2025,"R",153,3.29496207850186
2025,"R",154,4.01887786617021
2025,"R",155,3.24639409509497
2025,"R",156,2.6131227554486
2025,"R",157,3.86124087456537
2025,"R",158,2.81730696663042
2025,"R",159,2.85980482275506
2025,"R",160,4.51181538541188
2025,"R",161,4.9148990010338
2025,"R",162,4.42931842033702
2025,"R",163,3.57142102807741
2025,"R",164,4.36691503924766
2025,"R",165,5.99447792920146
2025,"R",166,5.50559064405574
2025,"R",167,4.05562599186284
2025,"R",168,5.14101646615916
2025,"R",169,4.1984611713728
2025,"R",170,3.78650395602904
2025,"R",171,3.3516505549038
2025,"R",172,3.25644306369676
2025,"R",173,4.69581894824671
2025,"R",174,4.21464121230987
2025,"R",175,9.95453163018268
2025,"R",176,4.98941390544836
2025,"R",177,6.72492876784235
2025,"R",178,6.6983706550171
2025,"R",179,4.22913916978319
2025,"R",180,5.01860745649555
2025,"R",181,6.26516102903656
2025,"R",182,5.12857671019118
2025,"R",183,4.86975700025107
2025,"R",184,3.88244278787249
2025,"R",185,5.70292898449455
2025,"R",186,4.77968021186594
2025,"R",187,6.34619792476944
2025,"R",188,5.026492005071
2025,"R",189,4.32119928432279
2025,"R",190,4.66537254103786
2025,"R",191,5.780029700445
2025,"R",192,3.74187911755349
2025,"R",193,5.06819322228811
2025,"R",194,3.9112367135005
2025,"R",195,4.27027533929431
2025,"R",196,4.24919444544965
2025,"R",197,7.08840245220985
2025,"R",198,5.10318525980974
2025,"R",199,6.628289067889
2025,"R",200,5.85270928811961
2025,"R",201,4.06477384432333
2025,"R",202,5.4491668433127
2025,"R",203,4.04476993663015
2025,"R",204,7.03139009638322
2025,"R",205,7.150770136911
2025,"R",206,3.51312534356259
2025,"R",207,4.94577115297029
2025,"R",208,3.37056789936574
2025,"R",209,3.92956376159162
2025,"R",210,4.73426482898817
2025,"R",211,4.39796654376879
2025,"R",212,5.23297906861391
2025,"R",213,3.78058619137938
2025,"R",214,3.83837690259763
2025,"R",215,3.46765162756263
2025,"R",216,4.73971679930392
2025,"R",217,5.26926314125986
2025,"R",218,6.26482583124487
2025,"R",219,7.87211404334129
2025,"R",220,6.68471983378096
2025,"R",221,8.36191898685699
2025,"R",222,8.57194434605037
2025,"R",223,6.3475091140533
2025,"R",224,7.37429656663877
2025,"R",225,7.48963246757591
2025,"R",226,8.06511919050933
2025,"R",227,6.52982536956269
2025,"R",228,6.85744072601186
2025,"R",229,7.0514706207145
2025,"R",230,11.0325346934076
2025,"R",231,10.2432962566095
2025,"R",232,8.74648575407977
2025,"R",233,8.59603853744579
2025,"R",234,5.02448430089532
2025,"L",146,1.97616162816279
2025,"L",147,4.42481980477945
2025,"L",148,2.99814835185637
2025,"L",149,4.98069092707188
2025,"L",150,3.75726251958304
2025,"L",151,4.03904371357574
2025,"L",152,3.20314139095632
2025,"L",153,2.675458226336
2025,"L",154,3.75087112480694
2025,"L",155,3.39675076479302
2025,"L",156,3.04207058093479
2025,"L",157,3.56855312801032
2025,"L",158,2.86207197872795
2025,"L",159,3.02477437488357
2025,"L",160,3.91973419518075
2025,"L",161,4.53004318013092
2025,"L",162,3.34940690630851
2025,"L",163,4.76203923094327
2025,"L",164,3.30539325965054
2025,"L",165,4.42263535994997
2025,"L",166,4.80679379531742
2025,"L",167,6.32586839636433
2025,"L",168,3.62622891427142
2025,"L",169,3.77408074228975
2025,"L",170,3.62697679713652
2025,"L",171,3.11974940424546
2025,"L",172,5.45916270265399
2025,"L",173,4.12469676175418
2025,"L",174,3.25215427325036
2025,"L",175,3.20187721642766
2025,"L",176,2.50817363283579
2025,"L",177,4.00073974774349
2025,"L",178,4.17544918999055
2025,"L",179,3.25151347954988
2025,"L",180,4.52034159833142
2025,"L",181,3.15355997838183
2025,"L",182,4.03013702939654
2025,"L",183,3.49603373876084
2025,"L",184,3.63274394044082
2025,"L",185,3.36313521482636
2025,"L",186,3.46294666946836
2025,"L",187,5.33421228427884
2025,"L",188,3.7850525931232
2025,"L",189,3.96065879829348
2025,"L",190,4.71232199796487
2025,"L",191,4.96523352033508
2025,"L",192,3.42699692397048
2025,"L",193,3.92299823809256
2025,"L",194,3.54795631201547
2025,"L",195,3.2400218544784
2025,"L",196,4.36582499344196
2025,"L",197,4.81111479957757
2025,"L",198,4.8845440114045
2025,"L",199,4.38773996386959
2025,"L",200,3.70730237703612
2025,"L",201,4.15151519702025
2025,"L",202,4.68218989310095
2025,"L",203,5.57419039575149
2025,"L",204,7.41274854188553
2025,"L",205,8.85945959889
2025,"L",206,6.57819136365094
2025,"L",207,5.37114237448696
2025,"L",208,4.36054105734386
2025,"L",209,6.20432306516658
2025,"L",210,5.10805041632913
2025,"L",211,4.42212603343532
2025,"L",212,3.74052613737613
2025,"L",213,4.42159407018669
2025,"L",214,4.4992929183005
2025,"L",215,4.45530452030736
2025,"L",216,4.103797832425
2025,"L",217,4.96802654505129
2025,"L",218,4.2129582582025
2025,"L",219,5.016524876969
2025,"L",220,5.00208960583594
2025,"L",221,5.51509110718022
2025,"L",222,6.2560445197462
2025,"L",223,5.49425312290408
2025,"L",224,5.28890399056569
2025,"L",225,4.80937699492247
2025,"L",226,5.31898472745634
2025,"L",227,4.55854979336604
2025,"L",228,7.37528997100324
2025,"L",229,5.98487298884321
2025,"L",230,4.66332739918674
2025,"L",231,5.76968035979611
2025,"L",232,7.80340459055008
2025,"L",233,6.50170532209252
2025,"L",234,4.45160080237008
2025,"T",146,8.77529622193645
2025,"T",147,10.6897431481092
2025,"T",148,9.79796204764956
2025,"T",149,15.5631899359997
2025,"T",150,15.5165234382475
2025,"T",151,12.3236904676902
2025,"T",152,12.7776536255162
2025,"T",153,11.1477756941907
2025,"T",154,33.4177397373774
2025,"T",155,14.3050228482811
2025,"T",156,13.3704191416286
2025,"T",157,19.299557008828
2025,"T",158,23.4082112913363
2025,"T",159,25.9583264390268
2025,"T",160,49.8944089540042
2025,"T",161,35.4626203954111
2025,"T",162,21.5597478327969
2025,"T",163,33.259021406403
2025,"T",164,38.5017760615236
2025,"T",165,41.0591175512169
2025,"T",166,75.7681088336744
2025,"T",167,90.0666889192062
2025,"T",168,44.4023698778125
2025,"T",169,102.950418280173
2025,"T",170,50.105104708781
2025,"T",171,60.5629275520723
2025,"T",172,56.2137144388003
2025,"T",173,61.5534587926075
2025,"T",174,70.1126691051481
2025,"T",175,54.6337574710591
2025,"T",176,57.3701903523126
2025,"T",177,51.3858214661223
2025,"T",178,61.6953737018166
2025,"T",179,46.0068981496501
2025,"T",180,38.4917488590122
2025,"T",181,43.445347968723
2025,"T",182,37.1267686007016
2025,"T",183,31.4600105051831
2025,"T",184,32.0489138462203
2025,"T",185,35.5273962803507
2025,"T",186,38.7980560836333
2025,"T",187,53.7688601041366
2025,"T",188,36.7318446570374
2025,"T",189,29.6534250045146
2025,"T",190,24.958392247452
2025,"T",191,15.962324312185
2025,"T",192,15.8854874012498
2025,"T",193,19.7239113186026
2025,"T",194,16.7986332253725
2025,"T",195,33.8315566474823
2025,"T",196,21.5876954928313
2025,"T",197,30.0887468119046
2025,"T",198,24.6914529151605
2025,"T",199,25.7170710933713
2025,"T",200,24.93471074113
2025,"T",201,23.2270303551005
2025,"T",202,22.3296579813468
2025,"T",203,25.5979670468694
2025,"T",204,47.7639988791853
2025,"T",205,49.7627075650401
2025,"T",206,48.7326551988991
2025,"T",207,46.3800290129927
2025,"T",208,49.4661036635057
2025,"T",209,29.8839357373201
2025,"T",210,27.8393998541578
2025,"T",211,35.0698295286031
2025,"T",212,24.3421802987936
2025,"T",213,24.1275953789897
2025,"T",214,24.5024527286204
2025,"T",215,25.1210162856823
2025,"T",216,21.5749013849121
2025,"T",217,19.2171070585083
2025,"T",218,23.0046836474708
2025,"T",219,23.0603891672316
2025,"T",220,22.628847694417
2025,"T",221,28.2133804656685
2025,"T",222,27.8147127544607
2025,"T",223,26.1558754752204
2025,"T",224,25.3319854225541
2025,"T",225,25.839048263802
2025,"T",226,26.5400034380614
2025,"T",227,20.8937054674902
2025,"T",228,21.5229196078917
2025,"T",229,23.3080480966739
2025,"T",230,19.419655330338
2025,"T",231,23.8649509316498
2025,"T",232,27.1838443911912
2025,"T",233,19.173139555962
2025,"T",234,16.3983112912967
