"doy","thermocline","depth","lake","year"
141,"ZT1a",0.423913043478261,"L",2013
141,"ZT1b",2.75,"L",2013
141,"ZT2",1.25,"L",2013
148,"ZT1a",1.29347826086957,"L",2013
148,"ZT1b",3.16666666666667,"L",2013
148,"ZT2",1.75,"L",2013
155,"ZT1a",1.65909090909091,"L",2013
155,"ZT1b",3.66666666666667,"L",2013
155,"ZT2",2.25,"L",2013
162,"ZT1a",0.75,"L",2013
162,"ZT1b",4.375,"L",2013
162,"ZT2",2.75,"L",2013
169,"ZT1a",1.625,"L",2013
169,"ZT1b",4.25,"L",2013
169,"ZT2",2.25,"L",2013
176,"ZT1a",0.75,"L",2013
176,"ZT1b",4.91666666666667,"L",2013
176,"ZT2",2.25,"L",2013
183,"ZT1a",1.77272727272727,"L",2013
183,"ZT1b",4.75,"L",2013
183,"ZT2",2.25,"L",2013
190,"ZT1a",1.53571428571429,"L",2013
190,"ZT1b",5.25,"L",2013
190,"ZT2",2.25,"L",2013
197,"ZT1a",1.55,"L",2013
197,"ZT1b",5.41666666666667,"L",2013
197,"ZT2",2.75,"L",2013
204,"ZT1a",2.35526315789474,"L",2013
204,"ZT1b",5.75,"L",2013
204,"ZT2",2.75,"L",2013
211,"ZT1a",3,"L",2013
211,"ZT1b",5.75,"L",2013
211,"ZT2",3.75,"L",2013
218,"ZT1a",2.59615384615385,"L",2013
218,"ZT1b",5.63888888888889,"L",2013
218,"ZT2",3.75,"L",2013
225,"ZT1a",2.84523809523809,"L",2013
225,"ZT1b",6.75,"L",2013
225,"ZT2",3.25,"L",2013
232,"ZT1a",2.58333333333333,"L",2013
232,"ZT1b",5.69444444444444,"L",2013
232,"ZT2",3.75,"L",2013
239,"ZT1a",1.95,"L",2013
239,"ZT1b",6.95,"L",2013
239,"ZT2",4.25,"L",2013
140,"ZT1a",0.431818181818182,"R",2013
140,"ZT1b",2.55,"R",2013
140,"ZT2",1.25,"R",2013
147,"ZT1a",1.2,"R",2013
147,"ZT1b",3.75,"R",2013
147,"ZT2",1.75,"R",2013
154,"ZT1a",1.39285714285714,"R",2013
154,"ZT1b",3.75,"R",2013
154,"ZT2",1.75,"R",2013
161,"ZT1a",1.52272727272727,"R",2013
161,"ZT1b",4.25,"R",2013
161,"ZT2",2.25,"R",2013
168,"ZT1a",1.31521739130435,"R",2013
168,"ZT1b",4.25,"R",2013
168,"ZT2",1.75,"R",2013
175,"ZT1a",1.01923076923077,"R",2013
175,"ZT1b",4.75,"R",2013
175,"ZT2",2.75,"R",2013
182,"ZT1a",1.38636363636364,"R",2013
182,"ZT1b",4.75,"R",2013
182,"ZT2",2.25,"R",2013
189,"ZT1a",1.35,"R",2013
189,"ZT1b",5.55,"R",2013
189,"ZT2",2.25,"R",2013
196,"ZT1a",1.39814814814815,"R",2013
196,"ZT1b",5.58333333333333,"R",2013
196,"ZT2",2.75,"R",2013
203,"ZT1a",1.64285714285714,"R",2013
203,"ZT1b",5.41666666666667,"R",2013
203,"ZT2",2.25,"R",2013
210,"ZT1a",2.54411764705882,"R",2013
210,"ZT1b",5.25,"R",2013
210,"ZT2",3.25,"R",2013
217,"ZT1a",2.25,"R",2013
217,"ZT1b",5.55,"R",2013
217,"ZT2",3.25,"R",2013
224,"ZT1a",2.03125,"R",2013
224,"ZT1b",5.25,"R",2013
224,"ZT2",3.25,"R",2013
231,"ZT1a",1.83333333333333,"R",2013
231,"ZT1b",5.41666666666667,"R",2013
231,"ZT2",2.75,"R",2013
238,"ZT1a",1.75,"R",2013
238,"ZT1b",5.13888888888889,"R",2013
238,"ZT2",3.25,"R",2013
142,"ZT1a",0.84375,"T",2013
142,"ZT1b",2.65,"T",2013
142,"ZT2",1.25,"T",2013
149,"ZT1a",1,"T",2013
149,"ZT1b",2.91666666666667,"T",2013
149,"ZT2",1.75,"T",2013
156,"ZT1a",1.36111111111111,"T",2013
156,"ZT1b",3.35,"T",2013
156,"ZT2",1.75,"T",2013
163,"ZT1a",0.687499999999999,"T",2013
163,"ZT1b",3.41666666666667,"T",2013
163,"ZT2",1.25,"T",2013
170,"ZT1a",0.916666666666667,"T",2013
170,"ZT1b",3.65,"T",2013
170,"ZT2",1.75,"T",2013
177,"ZT1a",0.513157894736842,"T",2013
177,"ZT1b",3.75,"T",2013
177,"ZT2",1.25,"T",2013
184,"ZT1a",1.04166666666667,"T",2013
184,"ZT1b",3.875,"T",2013
184,"ZT2",1.75,"T",2013
191,"ZT1a",1.34433962264151,"T",2013
191,"ZT1b",4.03571428571429,"T",2013
191,"ZT2",1.75,"T",2013
198,"ZT1a",0.87,"T",2013
198,"ZT1b",4.08333333333333,"T",2013
198,"ZT2",1.75,"T",2013
205,"ZT1a",1.46739130434783,"T",2013
205,"ZT1b",4.15,"T",2013
205,"ZT2",2.25,"T",2013
212,"ZT1a",0.472222222222223,"T",2013
212,"ZT1b",4.33333333333333,"T",2013
212,"ZT2",2.75,"T",2013
219,"ZT1a",0.916666666666667,"T",2013
219,"ZT1b",4.25,"T",2013
219,"ZT2",2.25,"T",2013
226,"ZT1a",1.52777777777778,"T",2013
226,"ZT1b",4.45,"T",2013
226,"ZT2",2.75,"T",2013
233,"ZT1a",0.666666666666667,"T",2013
233,"ZT1b",4.41666666666667,"T",2013
233,"ZT2",2.75,"T",2013
240,"ZT1a",0.923076923076923,"T",2013
240,"ZT1b",4.45,"T",2013
240,"ZT2",2.25,"T",2013
140,"ZT1a",1.0625,"L",2014
140,"ZT1b",3,"L",2014
140,"ZT2",2.25,"L",2014
147,"ZT1a",0.779411764705882,"L",2014
147,"ZT1b",3.75,"L",2014
147,"ZT2",1.25,"L",2014
154,"ZT1a",1.35227272727273,"L",2014
154,"ZT1b",4.32142857142857,"L",2014
154,"ZT2",1.75,"L",2014
161,"ZT1a",1.79166666666667,"L",2014
161,"ZT1b",4.41666666666667,"L",2014
161,"ZT2",2.25,"L",2014
168,"ZT1a",1.58333333333333,"L",2014
168,"ZT1b",4.75,"L",2014
168,"ZT2",2.75,"L",2014
175,"ZT1a",1.125,"L",2014
175,"ZT1b",5.05,"L",2014
175,"ZT2",2.75,"L",2014
182,"ZT1a",1.80263157894737,"L",2014
182,"ZT1b",5.41666666666667,"L",2014
182,"ZT2",2.75,"L",2014
189,"ZT1a",2.01470588235294,"L",2014
189,"ZT1b",5.10714285714286,"L",2014
189,"ZT2",3.25,"L",2014
196,"ZT1a",2.796875,"L",2014
196,"ZT1b",5.75,"L",2014
196,"ZT2",3.25,"L",2014
203,"ZT1a",1.05,"L",2014
203,"ZT1b",5.91666666666667,"L",2014
203,"ZT2",3.75,"L",2014
210,"ZT1a",2.85344827586207,"L",2014
210,"ZT1b",5.83333333333333,"L",2014
210,"ZT2",3.25,"L",2014
217,"ZT1a",2.61363636363636,"L",2014
217,"ZT1b",6.75,"L",2014
217,"ZT2",3.75,"L",2014
224,"ZT1a",2.95,"L",2014
224,"ZT1b",6,"L",2014
224,"ZT2",3.75,"L",2014
231,"ZT1a",3.27808988764045,"L",2014
231,"ZT1b",6.15,"L",2014
231,"ZT2",3.75,"L",2014
238,"ZT1a",3.27631578947368,"L",2014
238,"ZT1b",6.5,"L",2014
238,"ZT2",4.25,"L",2014
139,"ZT1a",0.9375,"R",2014
139,"ZT1b",3,"R",2014
139,"ZT2",2.25,"R",2014
146,"ZT1a",0.25,"R",2014
146,"ZT1b",3.19444444444444,"R",2014
146,"ZT2",1.25,"R",2014
153,"ZT1a",0.911290322580645,"R",2014
153,"ZT1b",3.85,"R",2014
153,"ZT2",1.75,"R",2014
160,"ZT1a",1.375,"R",2014
160,"ZT1b",4.25,"R",2014
160,"ZT2",2.25,"R",2014
167,"ZT1a",0,"R",2014
167,"ZT1b",0,"R",2014
167,"ZT2",NA,"R",2014
174,"ZT1a",1.26020408163265,"R",2014
174,"ZT1b",4.25,"R",2014
174,"ZT2",1.75,"R",2014
181,"ZT1a",1.3804347826087,"R",2014
181,"ZT1b",4.60714285714286,"R",2014
181,"ZT2",2.25,"R",2014
188,"ZT1a",1.60714285714286,"R",2014
188,"ZT1b",4.89285714285714,"R",2014
188,"ZT2",2.75,"R",2014
195,"ZT1a",1.88461538461538,"R",2014
195,"ZT1b",4.85,"R",2014
195,"ZT2",2.75,"R",2014
202,"ZT1a",1.52777777777778,"R",2014
202,"ZT1b",4.83333333333333,"R",2014
202,"ZT2",2.75,"R",2014
209,"ZT1a",1.82758620689655,"R",2014
209,"ZT1b",4.91666666666667,"R",2014
209,"ZT2",2.25,"R",2014
216,"ZT1a",1.65,"R",2014
216,"ZT1b",5.15,"R",2014
216,"ZT2",2.75,"R",2014
223,"ZT1a",1.70833333333333,"R",2014
223,"ZT1b",5.125,"R",2014
223,"ZT2",2.75,"R",2014
230,"ZT1a",2.34615384615385,"R",2014
230,"ZT1b",5.1875,"R",2014
230,"ZT2",3.25,"R",2014
237,"ZT1a",2.28571428571429,"R",2014
237,"ZT1b",5.11666666666667,"R",2014
237,"ZT2",3.75,"R",2014
141,"ZT1a",0.840909090909091,"T",2014
141,"ZT1b",2.69444444444444,"T",2014
141,"ZT2",1.75,"T",2014
148,"ZT1a",0.386363636363637,"T",2014
148,"ZT1b",2.89285714285714,"T",2014
148,"ZT2",1.25,"T",2014
155,"ZT1a",0.821428571428571,"T",2014
155,"ZT1b",3.125,"T",2014
155,"ZT2",1.75,"T",2014
162,"ZT1a",0.783333333333334,"T",2014
162,"ZT1b",3.21428571428571,"T",2014
162,"ZT2",1.75,"T",2014
169,"ZT1a",0.435185185185185,"T",2014
169,"ZT1b",3.4375,"T",2014
169,"ZT2",2.25,"T",2014
176,"ZT1a",0.95,"T",2014
176,"ZT1b",3.67307692307692,"T",2014
176,"ZT2",1.75,"T",2014
183,"ZT1a",1.33823529411765,"T",2014
183,"ZT1b",3.67857142857143,"T",2014
183,"ZT2",1.75,"T",2014
190,"ZT1a",1.42857142857143,"T",2014
190,"ZT1b",4,"T",2014
190,"ZT2",2.25,"T",2014
197,"ZT1a",1.81730769230769,"T",2014
197,"ZT1b",4.25,"T",2014
197,"ZT2",2.25,"T",2014
204,"ZT1a",1.04166666666667,"T",2014
204,"ZT1b",4.25,"T",2014
204,"ZT2",2.75,"T",2014
211,"ZT1a",1.43,"T",2014
211,"ZT1b",4.17857142857143,"T",2014
211,"ZT2",2.25,"T",2014
218,"ZT1a",1.05,"T",2014
218,"ZT1b",4.32142857142857,"T",2014
218,"ZT2",2.25,"T",2014
225,"ZT1a",1.54411764705882,"T",2014
225,"ZT1b",4.46428571428571,"T",2014
225,"ZT2",2.25,"T",2014
232,"ZT1a",1.87162162162162,"T",2014
232,"ZT1b",4.5,"T",2014
232,"ZT2",2.75,"T",2014
239,"ZT1a",1.55,"T",2014
239,"ZT1b",4.58333333333333,"T",2014
239,"ZT2",2.75,"T",2014
139,"ZT1a",2.6,"L",2015
139,"ZT1b",4.25,"L",2015
139,"ZT2",3.25,"L",2015
146,"ZT1a",1.55,"L",2015
146,"ZT1b",4.65,"L",2015
146,"ZT2",3.75,"L",2015
153,"ZT1a",2.33333333333333,"L",2015
153,"ZT1b",4.91666666666667,"L",2015
153,"ZT2",2.75,"L",2015
156,"ZT1a",2.08333333333333,"L",2015
156,"ZT1b",4.95,"L",2015
156,"ZT2",2.75,"L",2015
160,"ZT1a",2.03125,"L",2015
160,"ZT1b",5.39285714285714,"L",2015
160,"ZT2",2.75,"L",2015
165,"ZT1a",2.15909090909091,"L",2015
165,"ZT1b",5.41666666666667,"L",2015
165,"ZT2",3.25,"L",2015
167,"ZT1a",2.33333333333333,"L",2015
167,"ZT1b",5.13888888888889,"L",2015
167,"ZT2",2.75,"L",2015
174,"ZT1a",2.44047619047619,"L",2015
174,"ZT1b",5.55,"L",2015
174,"ZT2",3.25,"L",2015
181,"ZT1a",2.40217391304348,"L",2015
181,"ZT1b",5.4375,"L",2015
181,"ZT2",3.25,"L",2015
188,"ZT1a",2.78448275862069,"L",2015
188,"ZT1b",5.56707317073171,"L",2015
188,"ZT2",3.25,"L",2015
195,"ZT1a",2.15,"L",2015
195,"ZT1b",5.95,"L",2015
195,"ZT2",4.25,"L",2015
202,"ZT1a",2.65,"L",2015
202,"ZT1b",6,"L",2015
202,"ZT2",3.25,"L",2015
209,"ZT1a",2.01666666666667,"L",2015
209,"ZT1b",5.95,"L",2015
209,"ZT2",4.25,"L",2015
216,"ZT1a",3.02777777777778,"L",2015
216,"ZT1b",6.05,"L",2015
216,"ZT2",4.25,"L",2015
223,"ZT1a",3.78488372093023,"L",2015
223,"ZT1b",6.88636363636364,"L",2015
223,"ZT2",4.25,"L",2015
230,"ZT1a",2.83333333333333,"L",2015
230,"ZT1b",6.41666666666667,"L",2015
230,"ZT2",4.25,"L",2015
237,"ZT1a",4.03125,"L",2015
237,"ZT1b",6.5,"L",2015
237,"ZT2",4.75,"L",2015
138,"ZT1a",1.25,"R",2015
138,"ZT1b",4,"R",2015
138,"ZT2",2.75,"R",2015
145,"ZT1a",0.607142857142857,"R",2015
145,"ZT1b",4.45,"R",2015
145,"ZT2",2.75,"R",2015
146,"ZT1a",1.17857142857143,"R",2015
146,"ZT1b",4.25,"R",2015
146,"ZT2",3.25,"R",2015
152,"ZT1a",2.125,"R",2015
152,"ZT1b",4.65,"R",2015
152,"ZT2",2.75,"R",2015
156,"ZT1a",1.85714285714286,"R",2015
156,"ZT1b",5,"R",2015
156,"ZT2",3.25,"R",2015
159,"ZT1a",1.88636363636364,"R",2015
159,"ZT1b",5,"R",2015
159,"ZT2",3.25,"R",2015
165,"ZT1a",1.90384615384615,"R",2015
165,"ZT1b",5.4,"R",2015
165,"ZT2",2.75,"R",2015
166,"ZT1a",1.90909090909091,"R",2015
166,"ZT1b",5.25,"R",2015
166,"ZT2",3.75,"R",2015
173,"ZT1a",2.25,"R",2015
173,"ZT1b",5.38636363636364,"R",2015
173,"ZT2",2.75,"R",2015
180,"ZT1a",1.1875,"R",2015
180,"ZT1b",5.15,"R",2015
180,"ZT2",2.75,"R",2015
187,"ZT1a",1.52777777777778,"R",2015
187,"ZT1b",5.33333333333333,"R",2015
187,"ZT2",2.75,"R",2015
194,"ZT1a",1.43181818181818,"R",2015
194,"ZT1b",5.375,"R",2015
194,"ZT2",3.25,"R",2015
201,"ZT1a",1.88636363636364,"R",2015
201,"ZT1b",5.47222222222222,"R",2015
201,"ZT2",3.25,"R",2015
208,"ZT1a",1.625,"R",2015
208,"ZT1b",5.41666666666667,"R",2015
208,"ZT2",2.75,"R",2015
215,"ZT1a",2.42307692307692,"R",2015
215,"ZT1b",5.41666666666667,"R",2015
215,"ZT2",3.25,"R",2015
222,"ZT1a",2.55,"R",2015
222,"ZT1b",5.625,"R",2015
222,"ZT2",3.75,"R",2015
229,"ZT1a",2.08333333333333,"R",2015
229,"ZT1b",5.75,"R",2015
229,"ZT2",3.25,"R",2015
236,"ZT1a",3.375,"R",2015
236,"ZT1b",5.75,"R",2015
236,"ZT2",3.75,"R",2015
140,"ZT1a",1.83333333333333,"T",2015
140,"ZT1b",3.125,"T",2015
140,"ZT2",2.25,"T",2015
146,"ZT1a",0.75,"T",2015
146,"ZT1b",3.22826086956522,"T",2015
146,"ZT2",2.75,"T",2015
147,"ZT1a",1.03125,"T",2015
147,"ZT1b",3.13888888888889,"T",2015
147,"ZT2",2.25,"T",2015
154,"ZT1a",1.27,"T",2015
154,"ZT1b",3.60714285714286,"T",2015
154,"ZT2",2.25,"T",2015
156,"ZT1a",0.78125,"T",2015
156,"ZT1b",3.58333333333333,"T",2015
156,"ZT2",2.25,"T",2015
161,"ZT1a",1.03125,"T",2015
161,"ZT1b",3.75,"T",2015
161,"ZT2",1.75,"T",2015
165,"ZT1a",1.35344827586207,"T",2015
165,"ZT1b",3.75,"T",2015
165,"ZT2",2.25,"T",2015
168,"ZT1a",1.3125,"T",2015
168,"ZT1b",3.75,"T",2015
168,"ZT2",1.75,"T",2015
175,"ZT1a",1.1875,"T",2015
175,"ZT1b",4,"T",2015
175,"ZT2",2.25,"T",2015
182,"ZT1a",1.55,"T",2015
182,"ZT1b",3.95,"T",2015
182,"ZT2",2.25,"T",2015
189,"ZT1a",1.48809523809524,"T",2015
189,"ZT1b",4.39285714285714,"T",2015
189,"ZT2",2.75,"T",2015
196,"ZT1a",1.45454545454545,"T",2015
196,"ZT1b",4.375,"T",2015
196,"ZT2",2.25,"T",2015
203,"ZT1a",1.60714285714286,"T",2015
203,"ZT1b",4.58333333333333,"T",2015
203,"ZT2",2.25,"T",2015
210,"ZT1a",1.37121212121212,"T",2015
210,"ZT1b",4.58333333333333,"T",2015
210,"ZT2",2.75,"T",2015
217,"ZT1a",1.87857142857143,"T",2015
217,"ZT1b",4.45,"T",2015
217,"ZT2",2.75,"T",2015
224,"ZT1a",1.65909090909091,"T",2015
224,"ZT1b",4.75,"T",2015
224,"ZT2",2.75,"T",2015
231,"ZT1a",1.5,"T",2015
231,"ZT1b",4.67857142857143,"T",2015
231,"ZT2",2.75,"T",2015
238,"ZT1a",2.59615384615385,"T",2015
238,"ZT1b",5,"T",2015
238,"ZT2",3.25,"T",2015
142,"ZT1a",1.85,"L",2024
142,"ZT1b",5,"L",2024
142,"ZT2",2.75,"L",2024
149,"ZT1a",2.33333333333333,"L",2024
149,"ZT1b",5.15,"L",2024
149,"ZT2",3.25,"L",2024
156,"ZT1a",0.527777777777778,"L",2024
156,"ZT1b",5.41666666666667,"L",2024
156,"ZT2",2.75,"L",2024
163,"ZT1a",2.825,"L",2024
163,"ZT1b",5.5,"L",2024
163,"ZT2",3.25,"L",2024
170,"ZT1a",2.5625,"L",2024
170,"ZT1b",5.75,"L",2024
170,"ZT2",3.75,"L",2024
177,"ZT1a",2.67857142857143,"L",2024
177,"ZT1b",6.03571428571429,"L",2024
177,"ZT2",3.25,"L",2024
184,"ZT1a",2.86538461538462,"L",2024
184,"ZT1b",6.125,"L",2024
184,"ZT2",3.75,"L",2024
191,"ZT1a",2.875,"L",2024
191,"ZT1b",6.35,"L",2024
191,"ZT2",3.75,"L",2024
198,"ZT1a",2.36111111111111,"L",2024
198,"ZT1b",6.91666666666667,"L",2024
198,"ZT2",3.25,"L",2024
206,"ZT1a",2.875,"L",2024
206,"ZT1b",6.25,"L",2024
206,"ZT2",3.75,"L",2024
212,"ZT1a",2.75,"L",2024
212,"ZT1b",6.25,"L",2024
212,"ZT2",3.75,"L",2024
219,"ZT1a",3.20454545454545,"L",2024
219,"ZT1b",6.75,"L",2024
219,"ZT2",4.25,"L",2024
226,"ZT1a",4.01315789473684,"L",2024
226,"ZT1b",6.5,"L",2024
226,"ZT2",4.75,"L",2024
233,"ZT1a",3.79545454545454,"L",2024
233,"ZT1b",7.125,"L",2024
233,"ZT2",4.75,"L",2024
134,"ZT1a",0.519230769230769,"R",2024
134,"ZT1b",4,"R",2024
134,"ZT2",2.25,"R",2024
141,"ZT1a",1.19444444444444,"R",2024
141,"ZT1b",4.41666666666667,"R",2024
141,"ZT2",2.75,"R",2024
148,"ZT1a",1.91666666666667,"R",2024
148,"ZT1b",4.55,"R",2024
148,"ZT2",2.75,"R",2024
155,"ZT1a",1.52777777777778,"R",2024
155,"ZT1b",4.625,"R",2024
155,"ZT2",3.25,"R",2024
162,"ZT1a",2.30357142857143,"R",2024
162,"ZT1b",4.625,"R",2024
162,"ZT2",2.75,"R",2024
169,"ZT1a",1.94230769230769,"R",2024
169,"ZT1b",5.39285714285714,"R",2024
169,"ZT2",2.75,"R",2024
176,"ZT1a",0.488095238095238,"R",2024
176,"ZT1b",5,"R",2024
176,"ZT2",3.25,"R",2024
183,"ZT1a",1.975,"R",2024
183,"ZT1b",5.08333333333333,"R",2024
183,"ZT2",2.75,"R",2024
190,"ZT1a",1.95,"R",2024
190,"ZT1b",5.55,"R",2024
190,"ZT2",2.75,"R",2024
197,"ZT1a",1.1,"R",2024
197,"ZT1b",5.1875,"R",2024
197,"ZT2",2.25,"R",2024
205,"ZT1a",1.77631578947368,"R",2024
205,"ZT1b",5.17857142857143,"R",2024
205,"ZT2",3.25,"R",2024
211,"ZT1a",1.1875,"R",2024
211,"ZT1b",5.5,"R",2024
211,"ZT2",2.75,"R",2024
218,"ZT1a",1.77173913043478,"R",2024
218,"ZT1b",5.41666666666667,"R",2024
218,"ZT2",2.75,"R",2024
225,"ZT1a",2.45,"R",2024
225,"ZT1b",5.58333333333333,"R",2024
225,"ZT2",3.25,"R",2024
232,"ZT1a",2.09615384615385,"R",2024
232,"ZT1b",5.45,"R",2024
232,"ZT2",3.25,"R",2024
143,"ZT1a",1.44047619047619,"T",2024
143,"ZT1b",4.33333333333333,"T",2024
143,"ZT2",2.25,"T",2024
150,"ZT1a",1.80555555555556,"T",2024
150,"ZT1b",4.13888888888889,"T",2024
150,"ZT2",2.25,"T",2024
157,"ZT1a",1.16666666666667,"T",2024
157,"ZT1b",4.1875,"T",2024
157,"ZT2",2.25,"T",2024
164,"ZT1a",1.975,"T",2024
164,"ZT1b",4.52777777777778,"T",2024
164,"ZT2",2.75,"T",2024
171,"ZT1a",0.985294117647059,"T",2024
171,"ZT1b",4.89285714285714,"T",2024
171,"ZT2",3.25,"T",2024
178,"ZT1a",1.09615384615385,"T",2024
178,"ZT1b",4.875,"T",2024
178,"ZT2",2.75,"T",2024
185,"ZT1a",1.93181818181818,"T",2024
185,"ZT1b",4.875,"T",2024
185,"ZT2",3.25,"T",2024
192,"ZT1a",1.1875,"T",2024
192,"ZT1b",5.125,"T",2024
192,"ZT2",2.75,"T",2024
199,"ZT1a",1.5,"T",2024
199,"ZT1b",4.75,"T",2024
199,"ZT2",2.25,"T",2024
207,"ZT1a",1.9,"T",2024
207,"ZT1b",5.02777777777778,"T",2024
207,"ZT2",2.75,"T",2024
213,"ZT1a",1.475,"T",2024
213,"ZT1b",5,"T",2024
213,"ZT2",3.25,"T",2024
220,"ZT1a",1.92857142857143,"T",2024
220,"ZT1b",5.32142857142857,"T",2024
220,"ZT2",2.75,"T",2024
227,"ZT1a",1.1875,"T",2024
227,"ZT1b",5.25,"T",2024
227,"ZT2",3.25,"T",2024
234,"ZT1a",2.01666666666667,"T",2024
234,"ZT1b",5.35,"T",2024
234,"ZT2",3.25,"T",2024
154,"ZT1a",1.63888888888889,"L",2025
154,"ZT1b",4.91666666666667,"L",2025
154,"ZT2",3.25,"L",2025
161,"ZT1a",2.42307692307692,"L",2025
161,"ZT1b",5.41666666666667,"L",2025
161,"ZT2",2.75,"L",2025
168,"ZT1a",0.568181818181818,"L",2025
168,"ZT1b",5.08333333333333,"L",2025
168,"ZT2",3.25,"L",2025
175,"ZT1a",0.972222222222222,"L",2025
175,"ZT1b",5.5,"L",2025
175,"ZT2",3.25,"L",2025
182,"ZT1a",2.25,"L",2025
182,"ZT1b",5.75,"L",2025
182,"ZT2",4.25,"L",2025
189,"ZT1a",2.07142857142857,"L",2025
189,"ZT1b",5.65,"L",2025
189,"ZT2",3.75,"L",2025
196,"ZT1a",2.36904761904762,"L",2025
196,"ZT1b",5.91666666666667,"L",2025
196,"ZT2",4.25,"L",2025
203,"ZT1a",2.89705882352941,"L",2025
203,"ZT1b",7.10294117647059,"L",2025
203,"ZT2",3.75,"L",2025
210,"ZT1a",1.58333333333333,"L",2025
210,"ZT1b",6.05,"L",2025
210,"ZT2",3.75,"L",2025
217,"ZT1a",1.26111111111111,"L",2025
217,"ZT1b",3.95833333333333,"L",2025
217,"ZT2",NA,"L",2025
224,"ZT1a",2.95,"L",2025
224,"ZT1b",6.25,"L",2025
224,"ZT2",3.75,"L",2025
231,"ZT1a",3.42307692307692,"L",2025
231,"ZT1b",7.21666666666667,"L",2025
231,"ZT2",4.25,"L",2025
160,"ZT1a",1.81451612903226,"R",2025
160,"ZT1b",4.53571428571429,"R",2025
160,"ZT2",2.25,"R",2025
167,"ZT1a",2.29166666666667,"R",2025
167,"ZT1b",4.66666666666667,"R",2025
167,"ZT2",2.75,"R",2025
174,"ZT1a",0.821428571428572,"R",2025
174,"ZT1b",4.75,"R",2025
174,"ZT2",1.75,"R",2025
181,"ZT1a",1.05,"R",2025
181,"ZT1b",5.25,"R",2025
181,"ZT2",2.75,"R",2025
188,"ZT1a",1.8375,"R",2025
188,"ZT1b",5.13888888888889,"R",2025
188,"ZT2",2.25,"R",2025
195,"ZT1a",1.65909090909091,"R",2025
195,"ZT1b",5.32142857142857,"R",2025
195,"ZT2",2.75,"R",2025
202,"ZT1a",2.16666666666667,"R",2025
202,"ZT1b",5.58333333333333,"R",2025
202,"ZT2",3.25,"R",2025
209,"ZT1a",1.15,"R",2025
209,"ZT1b",5.375,"R",2025
209,"ZT2",2.75,"R",2025
216,"ZT1a",2.25,"R",2025
216,"ZT1b",5.625,"R",2025
216,"ZT2",3.25,"R",2025
223,"ZT1a",2.34375,"R",2025
223,"ZT1b",6.25,"R",2025
223,"ZT2",2.75,"R",2025
230,"ZT1a",2.57142857142857,"R",2025
230,"ZT1b",6.32142857142857,"R",2025
230,"ZT2",3.25,"R",2025
155,"ZT1a",1.41,"T",2025
155,"ZT1b",4.04166666666667,"T",2025
155,"ZT2",2.75,"T",2025
162,"ZT1a",1.84756097560976,"T",2025
162,"ZT1b",4.125,"T",2025
162,"ZT2",2.25,"T",2025
169,"ZT1a",0.426470588235294,"T",2025
169,"ZT1b",4.20454545454546,"T",2025
169,"ZT2",2.75,"T",2025
176,"ZT1a",0.958333333333333,"T",2025
176,"ZT1b",4.41666666666667,"T",2025
176,"ZT2",1.75,"T",2025
183,"ZT1a",1.05769230769231,"T",2025
183,"ZT1b",4.625,"T",2025
183,"ZT2",2.25,"T",2025
190,"ZT1a",1.41666666666667,"T",2025
190,"ZT1b",4.5,"T",2025
190,"ZT2",2.75,"T",2025
197,"ZT1a",1.46739130434783,"T",2025
197,"ZT1b",4.75,"T",2025
197,"ZT2",2.75,"T",2025
204,"ZT1a",1.84523809523809,"T",2025
204,"ZT1b",4.89285714285714,"T",2025
204,"ZT2",2.75,"T",2025
211,"ZT1a",1.25,"T",2025
211,"ZT1b",5,"T",2025
211,"ZT2",2.75,"T",2025
218,"ZT1a",1.82142857142857,"T",2025
218,"ZT1b",5.25,"T",2025
218,"ZT2",2.25,"T",2025
225,"ZT1a",0,"T",2025
225,"ZT1b",0,"T",2025
225,"ZT2",NA,"T",2025
232,"ZT1a",2.32692307692308,"T",2025
232,"ZT1b",5.08333333333333,"T",2025
232,"ZT2",3.25,"T",2025
